0,1,2,3
440000000,广东省,广东省,广东省
440100000,广州市,广东省广州市,广东省广州市
440103000,荔湾区,广东省广州市荔湾区,广东省广州市荔湾区
440103001,沙面街道,广东省广州市荔湾区沙面街道,广东省广州市荔湾区沙面街道
440103002,岭南街道,广东省广州市荔湾区岭南街道,广东省广州市荔湾区岭南街道
440103003,华林街道,广东省广州市荔湾区华林街道,广东省广州市荔湾区华林街道
440103004,多宝街道,广东省广州市荔湾区多宝街道,广东省广州市荔湾区多宝街道
440103005,昌华街道,广东省广州市荔湾区昌华街道,广东省广州市荔湾区昌华街道
440103006,逢源街道,广东省广州市荔湾区逢源街道,广东省广州市荔湾区逢源街道
440103007,龙津街道,广东省广州市荔湾区龙津街道,广东省广州市荔湾区龙津街道
440103008,金花街道,广东省广州市荔湾区金花街道,广东省广州市荔湾区金花街道
440103009,彩虹街道,广东省广州市荔湾区彩虹街道,广东省广州市荔湾区彩虹街道
440103010,南源街道,广东省广州市荔湾区南源街道,广东省广州市荔湾区南源街道
440103011,西村街道,广东省广州市荔湾区西村街道,广东省广州市荔湾区西村街道
440103012,站前街道,广东省广州市荔湾区站前街道,广东省广州市荔湾区站前街道
440103013,桥中街道,广东省广州市荔湾区桥中街道,广东省广州市荔湾区桥中街道
440103014,白鹤洞街道,广东省广州市荔湾区白鹤洞街道,广东省广州市荔湾区白鹤洞街道
440103015,冲口街道,广东省广州市荔湾区冲口街道,广东省广州市荔湾区冲口街道
440103016,花地街道,广东省广州市荔湾区花地街道,广东省广州市荔湾区花地街道
440103017,石围塘街道,广东省广州市荔湾区石围塘街道,广东省广州市荔湾区石围塘街道
440103018,茶滘街道,广东省广州市荔湾区茶滘街道,广东省广州市荔湾区茶滘街道
440103019,东漖街道,广东省广州市荔湾区东漖街道,广东省广州市荔湾区东漖街道
440103020,海龙街道,广东省广州市荔湾区海龙街道,广东省广州市荔湾区海龙街道
440103021,东沙街道,广东省广州市荔湾区东沙街道,广东省广州市荔湾区东沙街道
440103022,中南街道,广东省广州市荔湾区中南街道,广东省广州市荔湾区中南街道
440103999,不详乡镇,广东省广州市荔湾区不详乡镇,广东省广州市荔湾区不详乡镇
440104000,越秀区,广东省广州市越秀区,广东省广州市越秀区
440104001,洪桥街道,广东省广州市越秀区洪桥街道,广东省广州市越秀区洪桥街道
440104003,北京街道,广东省广州市越秀区北京街道,广东省广州市越秀区北京街道
440104004,六榕街道,广东省广州市越秀区六榕街道,广东省广州市越秀区六榕街道
440104005,流花街道,广东省广州市越秀区流花街道,广东省广州市越秀区流花街道
440104007,光塔街道,广东省广州市越秀区光塔街道,广东省广州市越秀区光塔街道
440104010,人民街道,广东省广州市越秀区人民街道,广东省广州市越秀区人民街道
440104011,东山街道,广东省广州市越秀区东山街道,广东省广州市越秀区东山街道
440104012,农林街道,广东省广州市越秀区农林街道,广东省广州市越秀区农林街道
440104013,梅花村街道,广东省广州市越秀区梅花村街道,广东省广州市越秀区梅花村街道
440104014,黄花岗街道,广东省广州市越秀区黄花岗街道,广东省广州市越秀区黄花岗街道
440104015,华乐街道,广东省广州市越秀区华乐街道,广东省广州市越秀区华乐街道
440104017,大塘街道,广东省广州市越秀区大塘街道,广东省广州市越秀区大塘街道
440104018,珠光街道,广东省广州市越秀区珠光街道,广东省广州市越秀区珠光街道
440104019,大东街道,广东省广州市越秀区大东街道,广东省广州市越秀区大东街道
440104020,白云街道,广东省广州市越秀区白云街道,广东省广州市越秀区白云街道
440104021,登峰街道,广东省广州市越秀区登峰街道,广东省广州市越秀区登峰街道
440104022,矿泉街道,广东省广州市越秀区矿泉街道,广东省广州市越秀区矿泉街道
440104024,建设街道,广东省广州市越秀区建设街道,广东省广州市越秀区建设街道
440104999,不详乡镇,广东省广州市越秀区不详乡镇,广东省广州市越秀区不详乡镇
440105000,海珠区,广东省广州市海珠区,广东省广州市海珠区
440105001,赤岗街道,广东省广州市海珠区赤岗街道,广东省广州市海珠区赤岗街道
440105002,新港街道,广东省广州市海珠区新港街道,广东省广州市海珠区新港街道
440105003,昌岗街道,广东省广州市海珠区昌岗街道,广东省广州市海珠区昌岗街道
440105004,江南中街道,广东省广州市海珠区江南中街道,广东省广州市海珠区江南中街道
440105005,滨江街道,广东省广州市海珠区滨江街道,广东省广州市海珠区滨江街道
440105006,素社街道,广东省广州市海珠区素社街道,广东省广州市海珠区素社街道
440105007,海幢街道,广东省广州市海珠区海幢街道,广东省广州市海珠区海幢街道
440105008,南华西街道,广东省广州市海珠区南华西街道,广东省广州市海珠区南华西街道
440105009,龙凤街道,广东省广州市海珠区龙凤街道,广东省广州市海珠区龙凤街道
440105010,沙园街道,广东省广州市海珠区沙园街道,广东省广州市海珠区沙园街道
440105011,南石头街道,广东省广州市海珠区南石头街道,广东省广州市海珠区南石头街道
440105012,凤阳街道,广东省广州市海珠区凤阳街道,广东省广州市海珠区凤阳街道
440105013,瑞宝街道,广东省广州市海珠区瑞宝街道,广东省广州市海珠区瑞宝街道
440105014,江海街道,广东省广州市海珠区江海街道,广东省广州市海珠区江海街道
440105015,琶洲街道,广东省广州市海珠区琶洲街道,广东省广州市海珠区琶洲街道
440105016,南洲街道,广东省广州市海珠区南洲街道,广东省广州市海珠区南洲街道
440105017,华洲街道,广东省广州市海珠区华洲街道,广东省广州市海珠区华洲街道
440105018,官洲街道,广东省广州市海珠区官洲街道,广东省广州市海珠区官洲街道
440105999,不详乡镇,广东省广州市海珠区不详乡镇,广东省广州市海珠区不详乡镇
440106000,天河区,广东省广州市天河区,广东省广州市天河区
440106001,五山街道,广东省广州市天河区五山街道,广东省广州市天河区五山街道
440106002,员村街道,广东省广州市天河区员村街道,广东省广州市天河区员村街道
440106003,车陂街道,广东省广州市天河区车陂街道,广东省广州市天河区车陂街道
440106004,沙河街道,广东省广州市天河区沙河街道,广东省广州市天河区沙河街道
440106006,石牌街道,广东省广州市天河区石牌街道,广东省广州市天河区石牌街道
440106007,沙东街道,广东省广州市天河区沙东街道,广东省广州市天河区沙东街道
440106008,天河南街道,广东省广州市天河区天河南街道,广东省广州市天河区天河南街道
440106009,林和街道,广东省广州市天河区林和街道,广东省广州市天河区林和街道
440106010,兴华街道,广东省广州市天河区兴华街道,广东省广州市天河区兴华街道
440106011,棠下街道,广东省广州市天河区棠下街道,广东省广州市天河区棠下街道
440106012,天园街道,广东省广州市天河区天园街道,广东省广州市天河区天园街道
440106013,猎德街道,广东省广州市天河区猎德街道,广东省广州市天河区猎德街道
440106014,冼村街道,广东省广州市天河区冼村街道,广东省广州市天河区冼村街道
440106015,元岗街道,广东省广州市天河区元岗街道,广东省广州市天河区元岗街道
440106016,黄村街道,广东省广州市天河区黄村街道,广东省广州市天河区黄村街道
440106017,凤凰街道,广东省广州市天河区凤凰街道,广东省广州市天河区凤凰街道
440106018,龙洞街道,广东省广州市天河区龙洞街道,广东省广州市天河区龙洞街道
440106019,长兴街道,广东省广州市天河区长兴街道,广东省广州市天河区长兴街道
440106020,前进街道,广东省广州市天河区前进街道,广东省广州市天河区前进街道
440106021,珠吉街道,广东省广州市天河区珠吉街道,广东省广州市天河区珠吉街道
440106022,新塘街道,广东省广州市天河区新塘街道,广东省广州市天河区新塘街道
440106999,不详乡镇,广东省广州市天河区不详乡镇,广东省广州市天河区不详乡镇
440111000,白云区,广东省广州市白云区,广东省广州市白云区
440111002,三元里街道,广东省广州市白云区三元里街道,广东省广州市白云区三元里街道
440111003,松洲街道,广东省广州市白云区松洲街道,广东省广州市白云区松洲街道
440111004,景泰街道,广东省广州市白云区景泰街道,广东省广州市白云区景泰街道
440111005,同德街道,广东省广州市白云区同德街道,广东省广州市白云区同德街道
440111006,黄石街道,广东省广州市白云区黄石街道,广东省广州市白云区黄石街道
440111007,棠景街道,广东省广州市白云区棠景街道,广东省广州市白云区棠景街道
440111008,新市街道,广东省广州市白云区新市街道,广东省广州市白云区新市街道
440111009,同和街道,广东省广州市白云区同和街道,广东省广州市白云区同和街道
440111010,京溪街道,广东省广州市白云区京溪街道,广东省广州市白云区京溪街道
440111011,永平街道,广东省广州市白云区永平街道,广东省广州市白云区永平街道
440111012,嘉禾街道,广东省广州市白云区嘉禾街道,广东省广州市白云区嘉禾街道
440111013,均禾街道,广东省广州市白云区均禾街道,广东省广州市白云区均禾街道
440111014,石井街道,广东省广州市白云区石井街道,广东省广州市白云区石井街道
440111015,金沙街道,广东省广州市白云区金沙街道,广东省广州市白云区金沙街道
440111016,云城街道,广东省广州市白云区云城街道,广东省广州市白云区云城街道
440111017,鹤龙街道,广东省广州市白云区鹤龙街道,广东省广州市白云区鹤龙街道
440111018,白云湖街道,广东省广州市白云区白云湖街道,广东省广州市白云区白云湖街道
440111019,石门街道,广东省广州市白云区石门街道,广东省广州市白云区石门街道
440111020,龙归街道,广东省广州市白云区龙归街道,广东省广州市白云区龙归街道
440111021,大源街道,广东省广州市白云区大源街道,广东省广州市白云区大源街道
440111103,人和镇,广东省广州市白云区人和镇,广东省广州市白云区人和镇
440111107,太和镇,广东省广州市白云区太和镇,广东省广州市白云区太和镇
440111108,钟落潭镇,广东省广州市白云区钟落潭镇,广东省广州市白云区钟落潭镇
440111113,江高镇,广东省广州市白云区江高镇,广东省广州市白云区江高镇
440111999,不详乡镇,广东省广州市白云区不详乡镇,广东省广州市白云区不详乡镇
440112000,黄埔区,广东省广州市黄埔区,广东省广州市黄埔区
440112001,黄埔街道,广东省广州市黄埔区黄埔街道,广东省广州市黄埔区黄埔街道
440112002,红山街道,广东省广州市黄埔区红山街道,广东省广州市黄埔区红山街道
440112003,鱼珠街道,广东省广州市黄埔区鱼珠街道,广东省广州市黄埔区鱼珠街道
440112005,大沙街道,广东省广州市黄埔区大沙街道,广东省广州市黄埔区大沙街道
440112006,文冲街道,广东省广州市黄埔区文冲街道,广东省广州市黄埔区文冲街道
440112007,穗东街道,广东省广州市黄埔区穗东街道,广东省广州市黄埔区穗东街道
440112008,南岗街道,广东省广州市黄埔区南岗街道,广东省广州市黄埔区南岗街道
440112010,长洲街道,广东省广州市黄埔区长洲街道,广东省广州市黄埔区长洲街道
440112011,夏港街道,广东省广州市黄埔区夏港街道,广东省广州市黄埔区夏港街道
440112012,萝岗街道,广东省广州市黄埔区萝岗街道,广东省广州市黄埔区萝岗街道
440112014,联和街道,广东省广州市黄埔区联和街道,广东省广州市黄埔区联和街道
440112015,永和街道,广东省广州市黄埔区永和街道,广东省广州市黄埔区永和街道
440112016,长岭街道,广东省广州市黄埔区长岭街道,广东省广州市黄埔区长岭街道
440112017,云埔街道,广东省广州市黄埔区云埔街道,广东省广州市黄埔区云埔街道
440112018,龙湖街道,广东省广州市黄埔区龙湖街道,广东省广州市黄埔区龙湖街道
440112019,九佛街道,广东省广州市黄埔区九佛街道,广东省广州市黄埔区九佛街道
440112100,新龙镇,广东省广州市黄埔区新龙镇,广东省广州市黄埔区新龙镇
440112999,不详乡镇,广东省广州市黄埔区不详乡镇,广东省广州市黄埔区不详乡镇
440113000,番禺区,广东省广州市番禺区,广东省广州市番禺区
440113002,沙湾街道,广东省广州市番禺区沙湾街道,广东省广州市番禺区沙湾街道
440113003,钟村街道,广东省广州市番禺区钟村街道,广东省广州市番禺区钟村街道
440113004,大石街道,广东省广州市番禺区大石街道,广东省广州市番禺区大石街道
440113005,市桥街道,广东省广州市番禺区市桥街道,广东省广州市番禺区市桥街道
440113006,沙头街道,广东省广州市番禺区沙头街道,广东省广州市番禺区沙头街道
440113007,东环街道,广东省广州市番禺区东环街道,广东省广州市番禺区东环街道
440113008,桥南街道,广东省广州市番禺区桥南街道,广东省广州市番禺区桥南街道
440113009,小谷围街道,广东省广州市番禺区小谷围街道,广东省广州市番禺区小谷围街道
440113010,洛浦街道,广东省广州市番禺区洛浦街道,广东省广州市番禺区洛浦街道
440113011,石壁街道,广东省广州市番禺区石壁街道,广东省广州市番禺区石壁街道
440113012,大龙街道,广东省广州市番禺区大龙街道,广东省广州市番禺区大龙街道
440113103,南村镇,广东省广州市番禺区南村镇,广东省广州市番禺区南村镇
440113104,新造镇,广东省广州市番禺区新造镇,广东省广州市番禺区新造镇
440113105,化龙镇,广东省广州市番禺区化龙镇,广东省广州市番禺区化龙镇
440113106,石楼镇,广东省广州市番禺区石楼镇,广东省广州市番禺区石楼镇
440113196,石基镇,广东省广州市番禺区石基镇,广东省广州市番禺区石基镇
440113999,不详乡镇,广东省广州市番禺区不详乡镇,广东省广州市番禺区不详乡镇
440114000,花都区,广东省广州市花都区,广东省广州市花都区
440114001,新华街道,广东省广州市花都区新华街道,广东省广州市花都区新华街道
440114002,新雅街道,广东省广州市花都区新雅街道,广东省广州市花都区新雅街道
440114003,花城街道,广东省广州市花都区花城街道,广东省广州市花都区花城街道
440114004,秀全街道,广东省广州市花都区秀全街道,广东省广州市花都区秀全街道
440114103,梯面镇,广东省广州市花都区梯面镇,广东省广州市花都区梯面镇
440114104,花山镇,广东省广州市花都区花山镇,广东省广州市花都区花山镇
440114105,花东镇,广东省广州市花都区花东镇,广东省广州市花都区花东镇
440114107,炭步镇,广东省广州市花都区炭步镇,广东省广州市花都区炭步镇
440114108,赤坭镇,广东省广州市花都区赤坭镇,广东省广州市花都区赤坭镇
440114109,狮岭镇,广东省广州市花都区狮岭镇,广东省广州市花都区狮岭镇
440114999,不详乡镇,广东省广州市花都区不详乡镇,广东省广州市花都区不详乡镇
440115000,南沙区,广东省广州市南沙区,广东省广州市南沙区
440115001,南沙街道,广东省广州市南沙区南沙街道,广东省广州市南沙区南沙街道
440115002,珠江街道,广东省广州市南沙区珠江街道,广东省广州市南沙区珠江街道
440115003,龙穴街道,广东省广州市南沙区龙穴街道,广东省广州市南沙区龙穴街道
440115101,横沥镇,广东省广州市南沙区横沥镇,广东省广州市南沙区横沥镇
440115102,万顷沙镇,广东省广州市南沙区万顷沙镇,广东省广州市南沙区万顷沙镇
440115103,黄阁镇,广东省广州市南沙区黄阁镇,广东省广州市南沙区黄阁镇
440115104,东涌镇,广东省广州市南沙区东涌镇,广东省广州市南沙区东涌镇
440115105,大岗镇,广东省广州市南沙区大岗镇,广东省广州市南沙区大岗镇
440115106,榄核镇,广东省广州市南沙区榄核镇,广东省广州市南沙区榄核镇
440115999,不详乡镇,广东省广州市南沙区不详乡镇,广东省广州市南沙区不详乡镇
440117000,从化区,广东省广州市从化区,广东省广州市从化区
440117001,街口街道,广东省广州市从化区街口街道,广东省广州市从化区街口街道
440117002,城郊街道,广东省广州市从化区城郊街道,广东省广州市从化区城郊街道
440117003,江埔街道,广东省广州市从化区江埔街道,广东省广州市从化区江埔街道
440117100,温泉镇,广东省广州市从化区温泉镇,广东省广州市从化区温泉镇
440117101,良口镇,广东省广州市从化区良口镇,广东省广州市从化区良口镇
440117102,吕田镇,广东省广州市从化区吕田镇,广东省广州市从化区吕田镇
440117103,太平镇,广东省广州市从化区太平镇,广东省广州市从化区太平镇
440117104,鳌头镇,广东省广州市从化区鳌头镇,广东省广州市从化区鳌头镇
440117999,不详乡镇,广东省广州市从化区不详乡镇,广东省广州市从化区不详乡镇
440118000,增城区,广东省广州市增城区,广东省广州市增城区
440118001,荔城街道,广东省广州市增城区荔城街道,广东省广州市增城区荔城街道
440118002,增江街道,广东省广州市增城区增江街道,广东省广州市增城区增江街道
440118003,朱村街道,广东省广州市增城区朱村街道,广东省广州市增城区朱村街道
440118004,永宁街道,广东省广州市增城区永宁街道,广东省广州市增城区永宁街道
440118005,荔湖街道,广东省广州市增城区荔湖街道,广东省广州市增城区荔湖街道
440118006,宁西街道,广东省广州市增城区宁西街道,广东省广州市增城区宁西街道
440118100,正果镇,广东省广州市增城区正果镇,广东省广州市增城区正果镇
440118101,石滩镇,广东省广州市增城区石滩镇,广东省广州市增城区石滩镇
440118102,新塘镇,广东省广州市增城区新塘镇,广东省广州市增城区新塘镇
440118103,中新镇,广东省广州市增城区中新镇,广东省广州市增城区中新镇
440118104,派潭镇,广东省广州市增城区派潭镇,广东省广州市增城区派潭镇
440118105,小楼镇,广东省广州市增城区小楼镇,广东省广州市增城区小楼镇
440118106,仙村镇,广东省广州市增城区仙村镇,广东省广州市增城区仙村镇
440118999,不详乡镇,广东省广州市增城区不详乡镇,广东省广州市增城区不详乡镇
440199000,不详县,广东省广州市不详县,广东省广州市不详县
440199999,不详乡镇,广东省广州市不详县不详乡镇,广东省广州市不详县不详乡镇
440200000,韶关市,广东省韶关市,广东省韶关市
440203000,武江区,广东省韶关市武江区,广东省韶关市武江区
440203001,新华街道,广东省韶关市武江区新华街道,广东省韶关市武江区新华街道
440203002,惠民街道,广东省韶关市武江区惠民街道,广东省韶关市武江区惠民街道
440203100,西联镇,广东省韶关市武江区西联镇,广东省韶关市武江区西联镇
440203101,西河镇,广东省韶关市武江区西河镇,广东省韶关市武江区西河镇
440203102,重阳镇,广东省韶关市武江区重阳镇,广东省韶关市武江区重阳镇
440203103,龙归镇,广东省韶关市武江区龙归镇,广东省韶关市武江区龙归镇
440203104,江湾镇,广东省韶关市武江区江湾镇,广东省韶关市武江区江湾镇
440203999,不详乡镇,广东省韶关市武江区不详乡镇,广东省韶关市武江区不详乡镇
440204000,浈江区,广东省韶关市浈江区,广东省韶关市浈江区
440204001,东河街道,广东省韶关市浈江区东河街道,广东省韶关市浈江区东河街道
440204002,车站街道,广东省韶关市浈江区车站街道,广东省韶关市浈江区车站街道
440204006,风采街道,广东省韶关市浈江区风采街道,广东省韶关市浈江区风采街道
440204091,田螺冲办事,广东省韶关市浈江区田螺冲办事,广东省韶关市浈江区田螺冲办事
440204093,曲仁办事,广东省韶关市浈江区曲仁办事,广东省韶关市浈江区曲仁办事
440204100,新韶镇,广东省韶关市浈江区新韶镇,广东省韶关市浈江区新韶镇
440204101,乐园镇,广东省韶关市浈江区乐园镇,广东省韶关市浈江区乐园镇
440204102,花坪镇,广东省韶关市浈江区花坪镇,广东省韶关市浈江区花坪镇
440204103,犁市镇,广东省韶关市浈江区犁市镇,广东省韶关市浈江区犁市镇
440204104,十里亭镇,广东省韶关市浈江区十里亭镇,广东省韶关市浈江区十里亭镇
440204999,不详乡镇,广东省韶关市浈江区不详乡镇,广东省韶关市浈江区不详乡镇
440205000,曲江区,广东省韶关市曲江区,广东省韶关市曲江区
440205100,马坝镇,广东省韶关市曲江区马坝镇,广东省韶关市曲江区马坝镇
440205103,大塘镇,广东省韶关市曲江区大塘镇,广东省韶关市曲江区大塘镇
440205104,枫湾镇,广东省韶关市曲江区枫湾镇,广东省韶关市曲江区枫湾镇
440205105,小坑镇,广东省韶关市曲江区小坑镇,广东省韶关市曲江区小坑镇
440205106,沙溪镇,广东省韶关市曲江区沙溪镇,广东省韶关市曲江区沙溪镇
440205108,乌石镇,广东省韶关市曲江区乌石镇,广东省韶关市曲江区乌石镇
440205109,樟市镇,广东省韶关市曲江区樟市镇,广东省韶关市曲江区樟市镇
440205110,白土镇,广东省韶关市曲江区白土镇,广东省韶关市曲江区白土镇
440205119,罗坑镇,广东省韶关市曲江区罗坑镇,广东省韶关市曲江区罗坑镇
440205999,不详乡镇,广东省韶关市曲江区不详乡镇,广东省韶关市曲江区不详乡镇
440222000,始兴县,广东省韶关市始兴县,广东省韶关市始兴县
440222100,太平镇,广东省韶关市始兴县太平镇,广东省韶关市始兴县太平镇
440222101,马市镇,广东省韶关市始兴县马市镇,广东省韶关市始兴县马市镇
440222102,澄江镇,广东省韶关市始兴县澄江镇,广东省韶关市始兴县澄江镇
440222103,顿岗镇,广东省韶关市始兴县顿岗镇,广东省韶关市始兴县顿岗镇
440222104,罗坝镇,广东省韶关市始兴县罗坝镇,广东省韶关市始兴县罗坝镇
440222105,司前镇,广东省韶关市始兴县司前镇,广东省韶关市始兴县司前镇
440222106,隘子镇,广东省韶关市始兴县隘子镇,广东省韶关市始兴县隘子镇
440222107,城南镇,广东省韶关市始兴县城南镇,广东省韶关市始兴县城南镇
440222108,沈所镇,广东省韶关市始兴县沈所镇,广东省韶关市始兴县沈所镇
440222196,石人嶂,广东省韶关市始兴县石人嶂,广东省韶关市始兴县石人嶂
440222203,深渡水瑶族乡,广东省韶关市始兴县深渡水瑶族乡,广东省韶关市始兴县深渡水瑶族乡
440222999,不详乡镇,广东省韶关市始兴县不详乡镇,广东省韶关市始兴县不详乡镇
440224000,仁化县,广东省韶关市仁化县,广东省韶关市仁化县
440224001,丹霞街道,广东省韶关市仁化县丹霞街道,广东省韶关市仁化县丹霞街道
440224102,闻韶镇,广东省韶关市仁化县闻韶镇,广东省韶关市仁化县闻韶镇
440224103,扶溪镇,广东省韶关市仁化县扶溪镇,广东省韶关市仁化县扶溪镇
440224104,长江镇,广东省韶关市仁化县长江镇,广东省韶关市仁化县长江镇
440224105,城口镇,广东省韶关市仁化县城口镇,广东省韶关市仁化县城口镇
440224106,红山镇,广东省韶关市仁化县红山镇,广东省韶关市仁化县红山镇
440224107,石塘镇,广东省韶关市仁化县石塘镇,广东省韶关市仁化县石塘镇
440224108,董塘镇,广东省韶关市仁化县董塘镇,广东省韶关市仁化县董塘镇
440224109,黄坑镇,广东省韶关市仁化县黄坑镇,广东省韶关市仁化县黄坑镇
440224110,周田镇,广东省韶关市仁化县周田镇,广东省韶关市仁化县周田镇
440224111,大桥镇,广东省韶关市仁化县大桥镇,广东省韶关市仁化县大桥镇
440224999,不详乡镇,广东省韶关市仁化县不详乡镇,广东省韶关市仁化县不详乡镇
440229000,翁源县,广东省韶关市翁源县,广东省韶关市翁源县
440229100,龙仙镇,广东省韶关市翁源县龙仙镇,广东省韶关市翁源县龙仙镇
440229104,坝仔镇,广东省韶关市翁源县坝仔镇,广东省韶关市翁源县坝仔镇
440229106,江尾镇,广东省韶关市翁源县江尾镇,广东省韶关市翁源县江尾镇
440229109,官渡镇,广东省韶关市翁源县官渡镇,广东省韶关市翁源县官渡镇
440229111,周陂镇,广东省韶关市翁源县周陂镇,广东省韶关市翁源县周陂镇
440229113,翁城镇,广东省韶关市翁源县翁城镇,广东省韶关市翁源县翁城镇
440229114,新江镇,广东省韶关市翁源县新江镇,广东省韶关市翁源县新江镇
440229196,铁龙镇,广东省韶关市翁源县铁龙镇,广东省韶关市翁源县铁龙镇
440229999,不详乡镇,广东省韶关市翁源县不详乡镇,广东省韶关市翁源县不详乡镇
440232000,乳源瑶族自治县,广东省韶关市乳源瑶族自治县,广东省韶关市乳源瑶族自治县
440232100,乳城镇,广东省韶关市乳源瑶族自治县乳城镇,广东省韶关市乳源瑶族自治县乳城镇
440232103,一六镇,广东省韶关市乳源瑶族自治县一六镇,广东省韶关市乳源瑶族自治县一六镇
440232104,桂头镇,广东省韶关市乳源瑶族自治县桂头镇,广东省韶关市乳源瑶族自治县桂头镇
440232106,洛阳镇,广东省韶关市乳源瑶族自治县洛阳镇,广东省韶关市乳源瑶族自治县洛阳镇
440232108,大布镇,广东省韶关市乳源瑶族自治县大布镇,广东省韶关市乳源瑶族自治县大布镇
440232109,大桥镇,广东省韶关市乳源瑶族自治县大桥镇,广东省韶关市乳源瑶族自治县大桥镇
440232111,东坪镇,广东省韶关市乳源瑶族自治县东坪镇,广东省韶关市乳源瑶族自治县东坪镇
440232112,游溪镇,广东省韶关市乳源瑶族自治县游溪镇,广东省韶关市乳源瑶族自治县游溪镇
440232113,必背镇,广东省韶关市乳源瑶族自治县必背镇,广东省韶关市乳源瑶族自治县必背镇
440232999,不详乡镇,广东省韶关市乳源瑶族自治县不详乡镇,广东省韶关市乳源瑶族自治县不详乡镇
440233000,新丰县,广东省韶关市新丰县,广东省韶关市新丰县
440233001,丰城街道,广东省韶关市新丰县丰城街道,广东省韶关市新丰县丰城街道
440233101,黄礤镇,广东省韶关市新丰县黄礤镇,广东省韶关市新丰县黄礤镇
440233102,马头镇,广东省韶关市新丰县马头镇,广东省韶关市新丰县马头镇
440233103,梅坑镇,广东省韶关市新丰县梅坑镇,广东省韶关市新丰县梅坑镇
440233104,沙田镇,广东省韶关市新丰县沙田镇,广东省韶关市新丰县沙田镇
440233105,遥田镇,广东省韶关市新丰县遥田镇,广东省韶关市新丰县遥田镇
440233106,回龙镇,广东省韶关市新丰县回龙镇,广东省韶关市新丰县回龙镇
440233999,不详乡镇,广东省韶关市新丰县不详乡镇,广东省韶关市新丰县不详乡镇
440281000,乐昌市,广东省韶关市乐昌市,广东省韶关市乐昌市
440281001,乐城街道,广东省韶关市乐昌市乐城街道,广东省韶关市乐昌市乐城街道
440281102,北乡镇,广东省韶关市乐昌市北乡镇,广东省韶关市乐昌市北乡镇
440281103,九峰镇,广东省韶关市乐昌市九峰镇,广东省韶关市乐昌市九峰镇
440281104,廊田镇,广东省韶关市乐昌市廊田镇,广东省韶关市乐昌市廊田镇
440281105,长来镇,广东省韶关市乐昌市长来镇,广东省韶关市乐昌市长来镇
440281106,梅花镇,广东省韶关市乐昌市梅花镇,广东省韶关市乐昌市梅花镇
440281107,三溪镇,广东省韶关市乐昌市三溪镇,广东省韶关市乐昌市三溪镇
440281108,坪石镇,广东省韶关市乐昌市坪石镇,广东省韶关市乐昌市坪石镇
440281110,黄圃镇,广东省韶关市乐昌市黄圃镇,广东省韶关市乐昌市黄圃镇
440281111,五山镇,广东省韶关市乐昌市五山镇,广东省韶关市乐昌市五山镇
440281112,两江镇,广东省韶关市乐昌市两江镇,广东省韶关市乐昌市两江镇
440281113,沙坪镇,广东省韶关市乐昌市沙坪镇,广东省韶关市乐昌市沙坪镇
440281114,云岩镇,广东省韶关市乐昌市云岩镇,广东省韶关市乐昌市云岩镇
440281115,秀水镇,广东省韶关市乐昌市秀水镇,广东省韶关市乐昌市秀水镇
440281117,大源镇,广东省韶关市乐昌市大源镇,广东省韶关市乐昌市大源镇
440281118,庆云镇,广东省韶关市乐昌市庆云镇,广东省韶关市乐昌市庆云镇
440281119,白石镇,广东省韶关市乐昌市白石镇,广东省韶关市乐昌市白石镇
440281999,不详乡镇,广东省韶关市乐昌市不详乡镇,广东省韶关市乐昌市不详乡镇
440282000,南雄市,广东省韶关市南雄市,广东省韶关市南雄市
440282001,雄州街道,广东省韶关市南雄市雄州街道,广东省韶关市南雄市雄州街道
440282100,乌迳镇,广东省韶关市南雄市乌迳镇,广东省韶关市南雄市乌迳镇
440282103,界址镇,广东省韶关市南雄市界址镇,广东省韶关市南雄市界址镇
440282104,坪田镇,广东省韶关市南雄市坪田镇,广东省韶关市南雄市坪田镇
440282105,黄坑镇,广东省韶关市南雄市黄坑镇,广东省韶关市南雄市黄坑镇
440282106,邓坊镇,广东省韶关市南雄市邓坊镇,广东省韶关市南雄市邓坊镇
440282107,油山镇,广东省韶关市南雄市油山镇,广东省韶关市南雄市油山镇
440282109,南亩镇,广东省韶关市南雄市南亩镇,广东省韶关市南雄市南亩镇
440282110,水口镇,广东省韶关市南雄市水口镇,广东省韶关市南雄市水口镇
440282111,江头镇,广东省韶关市南雄市江头镇,广东省韶关市南雄市江头镇
440282112,湖口镇,广东省韶关市南雄市湖口镇,广东省韶关市南雄市湖口镇
440282113,珠玑镇,广东省韶关市南雄市珠玑镇,广东省韶关市南雄市珠玑镇
440282115,主田镇,广东省韶关市南雄市主田镇,广东省韶关市南雄市主田镇
440282116,古市镇,广东省韶关市南雄市古市镇,广东省韶关市南雄市古市镇
440282118,全安镇,广东省韶关市南雄市全安镇,广东省韶关市南雄市全安镇
440282120,百顺镇,广东省韶关市南雄市百顺镇,广东省韶关市南雄市百顺镇
440282121,澜河镇,广东省韶关市南雄市澜河镇,广东省韶关市南雄市澜河镇
440282122,帽子峰镇,广东省韶关市南雄市帽子峰镇,广东省韶关市南雄市帽子峰镇
440282999,不详乡镇,广东省韶关市南雄市不详乡镇,广东省韶关市南雄市不详乡镇
440299000,不详县,广东省韶关市不详县,广东省韶关市不详县
440299999,不详乡镇,广东省韶关市不详县不详乡镇,广东省韶关市不详县不详乡镇
440300000,深圳市,广东省深圳市,广东省深圳市
440303000,罗湖区,广东省深圳市罗湖区,广东省深圳市罗湖区
440303001,桂园街道,广东省深圳市罗湖区桂园街道,广东省深圳市罗湖区桂园街道
440303002,黄贝街道,广东省深圳市罗湖区黄贝街道,广东省深圳市罗湖区黄贝街道
440303003,东门街道,广东省深圳市罗湖区东门街道,广东省深圳市罗湖区东门街道
440303004,翠竹街道,广东省深圳市罗湖区翠竹街道,广东省深圳市罗湖区翠竹街道
440303005,南湖街道,广东省深圳市罗湖区南湖街道,广东省深圳市罗湖区南湖街道
440303006,笋岗街道,广东省深圳市罗湖区笋岗街道,广东省深圳市罗湖区笋岗街道
440303007,东湖街道,广东省深圳市罗湖区东湖街道,广东省深圳市罗湖区东湖街道
440303008,莲塘街道,广东省深圳市罗湖区莲塘街道,广东省深圳市罗湖区莲塘街道
440303009,东晓街道,广东省深圳市罗湖区东晓街道,广东省深圳市罗湖区东晓街道
440303010,清水河街道,广东省深圳市罗湖区清水河街道,广东省深圳市罗湖区清水河街道
440303999,不详乡镇,广东省深圳市罗湖区不详乡镇,广东省深圳市罗湖区不详乡镇
440304000,福田区,广东省深圳市福田区,广东省深圳市福田区
440304001,南园街道,广东省深圳市福田区南园街道,广东省深圳市福田区南园街道
440304002,园岭街道,广东省深圳市福田区园岭街道,广东省深圳市福田区园岭街道
440304004,福田街道,广东省深圳市福田区福田街道,广东省深圳市福田区福田街道
440304005,沙头街道,广东省深圳市福田区沙头街道,广东省深圳市福田区沙头街道
440304006,香蜜湖街道,广东省深圳市福田区香蜜湖街道,广东省深圳市福田区香蜜湖街道
440304007,梅林街道,广东省深圳市福田区梅林街道,广东省深圳市福田区梅林街道
440304008,莲花街道,广东省深圳市福田区莲花街道,广东省深圳市福田区莲花街道
440304009,华富街道,广东省深圳市福田区华富街道,广东省深圳市福田区华富街道
440304010,华强北街道,广东省深圳市福田区华强北街道,广东省深圳市福田区华强北街道
440304011,福保街道,广东省深圳市福田区福保街道,广东省深圳市福田区福保街道
440304999,不详乡镇,广东省深圳市福田区不详乡镇,广东省深圳市福田区不详乡镇
440305000,南山区,广东省深圳市南山区,广东省深圳市南山区
440305001,南头街道,广东省深圳市南山区南头街道,广东省深圳市南山区南头街道
440305002,南山街道,广东省深圳市南山区南山街道,广东省深圳市南山区南山街道
440305003,沙河街道,广东省深圳市南山区沙河街道,广东省深圳市南山区沙河街道
440305005,蛇口街道,广东省深圳市南山区蛇口街道,广东省深圳市南山区蛇口街道
440305006,招商街道,广东省深圳市南山区招商街道,广东省深圳市南山区招商街道
440305007,粤海街道,广东省深圳市南山区粤海街道,广东省深圳市南山区粤海街道
440305008,桃源街道,广东省深圳市南山区桃源街道,广东省深圳市南山区桃源街道
440305009,西丽街道,广东省深圳市南山区西丽街道,广东省深圳市南山区西丽街道
440305999,不详乡镇,广东省深圳市南山区不详乡镇,广东省深圳市南山区不详乡镇
440306000,宝安区,广东省深圳市宝安区,广东省深圳市宝安区
440306001,新安街道,广东省深圳市宝安区新安街道,广东省深圳市宝安区新安街道
440306003,西乡街道,广东省深圳市宝安区西乡街道,广东省深圳市宝安区西乡街道
440306004,福永街道,广东省深圳市宝安区福永街道,广东省深圳市宝安区福永街道
440306005,沙井街道,广东省深圳市宝安区沙井街道,广东省深圳市宝安区沙井街道
440306006,松岗街道,广东省深圳市宝安区松岗街道,广东省深圳市宝安区松岗街道
440306008,石岩街道,广东省深圳市宝安区石岩街道,广东省深圳市宝安区石岩街道
440306009,航城街道,广东省深圳市宝安区航城街道,广东省深圳市宝安区航城街道
440306010,福海街道,广东省深圳市宝安区福海街道,广东省深圳市宝安区福海街道
440306011,新桥街道,广东省深圳市宝安区新桥街道,广东省深圳市宝安区新桥街道
440306012,燕罗街道,广东省深圳市宝安区燕罗街道,广东省深圳市宝安区燕罗街道
440306999,不详乡镇,广东省深圳市宝安区不详乡镇,广东省深圳市宝安区不详乡镇
440307000,龙岗区,广东省深圳市龙岗区,广东省深圳市龙岗区
440307003,横岗街道,广东省深圳市龙岗区横岗街道,广东省深圳市龙岗区横岗街道
440307004,布吉街道,广东省深圳市龙岗区布吉街道,广东省深圳市龙岗区布吉街道
440307008,平湖街道,广东省深圳市龙岗区平湖街道,广东省深圳市龙岗区平湖街道
440307009,坪地街道,广东省深圳市龙岗区坪地街道,广东省深圳市龙岗区坪地街道
440307011,龙岗街道,广东省深圳市龙岗区龙岗街道,广东省深圳市龙岗区龙岗街道
440307012,龙城街道,广东省深圳市龙岗区龙城街道,广东省深圳市龙岗区龙城街道
440307013,坂田街道,广东省深圳市龙岗区坂田街道,广东省深圳市龙岗区坂田街道
440307014,南湾街道,广东省深圳市龙岗区南湾街道,广东省深圳市龙岗区南湾街道
440307015,吉华街道,广东省深圳市龙岗区吉华街道,广东省深圳市龙岗区吉华街道
440307016,园山街道,广东省深圳市龙岗区园山街道,广东省深圳市龙岗区园山街道
440307017,宝龙街道,广东省深圳市龙岗区宝龙街道,广东省深圳市龙岗区宝龙街道
440307999,不详乡镇,广东省深圳市龙岗区不详乡镇,广东省深圳市龙岗区不详乡镇
440308000,盐田区,广东省深圳市盐田区,广东省深圳市盐田区
440308001,梅沙街道,广东省深圳市盐田区梅沙街道,广东省深圳市盐田区梅沙街道
440308002,盐田街道,广东省深圳市盐田区盐田街道,广东省深圳市盐田区盐田街道
440308003,沙头角街道,广东省深圳市盐田区沙头角街道,广东省深圳市盐田区沙头角街道
440308004,海山街道,广东省深圳市盐田区海山街道,广东省深圳市盐田区海山街道
440308999,不详乡镇,广东省深圳市盐田区不详乡镇,广东省深圳市盐田区不详乡镇
440309000,龙华区,广东省深圳市龙华区,广东省深圳市龙华区
440309001,龙华街道,广东省深圳市龙华区龙华街道,广东省深圳市龙华区龙华街道
440309002,大浪街道,广东省深圳市龙华区大浪街道,广东省深圳市龙华区大浪街道
440309003,民治街道,广东省深圳市龙华区民治街道,广东省深圳市龙华区民治街道
440309004,观澜街道,广东省深圳市龙华区观澜街道,广东省深圳市龙华区观澜街道
440309005,观湖街道,广东省深圳市龙华区观湖街道,广东省深圳市龙华区观湖街道
440309006,福城街道,广东省深圳市龙华区福城街道,广东省深圳市龙华区福城街道
440309999,不详乡镇,广东省深圳市龙华区不详乡镇,广东省深圳市龙华区不详乡镇
440310000,坪山区,广东省深圳市坪山区,广东省深圳市坪山区
440310001,坪山街道,广东省深圳市坪山区坪山街道,广东省深圳市坪山区坪山街道
440310002,坑梓街道,广东省深圳市坪山区坑梓街道,广东省深圳市坪山区坑梓街道
440310003,马峦街道,广东省深圳市坪山区马峦街道,广东省深圳市坪山区马峦街道
440310004,碧岭街道,广东省深圳市坪山区碧岭街道,广东省深圳市坪山区碧岭街道
440310005,石井街道,广东省深圳市坪山区石井街道,广东省深圳市坪山区石井街道
440310006,龙田街道,广东省深圳市坪山区龙田街道,广东省深圳市坪山区龙田街道
440310999,不详乡镇,广东省深圳市坪山区不详乡镇,广东省深圳市坪山区不详乡镇
440311000,光明区,广东省深圳市光明区,广东省深圳市光明区
440311001,公明街道,广东省深圳市光明区公明街道,广东省深圳市光明区公明街道
440311002,光明街道,广东省深圳市光明区光明街道,广东省深圳市光明区光明街道
440311003,新湖街道,广东省深圳市光明区新湖街道,广东省深圳市光明区新湖街道
440311004,凤凰街道,广东省深圳市光明区凤凰街道,广东省深圳市光明区凤凰街道
440311005,玉塘街道,广东省深圳市光明区玉塘街道,广东省深圳市光明区玉塘街道
440311006,马田街道,广东省深圳市光明区马田街道,广东省深圳市光明区马田街道
440311999,不详乡镇,广东省深圳市光明区不详乡镇,广东省深圳市光明区不详乡镇
440312000,大鹏新区,广东省深圳市大鹏新区,广东省深圳市大鹏新区
440312001,南澳街道,广东省深圳市大鹏新区南澳街道,广东省深圳市大鹏新区南澳街道
440312002,大鹏街道,广东省深圳市大鹏新区大鹏街道,广东省深圳市大鹏新区大鹏街道
440312003,葵涌街道,广东省深圳市大鹏新区葵涌街道,广东省深圳市大鹏新区葵涌街道
440312999,不详乡镇,广东省深圳市大鹏新区不详乡镇,广东省深圳市大鹏新区不详乡镇
440399000,不详县,广东省深圳市不详县,广东省深圳市不详县
440399999,不详乡镇,广东省深圳市不详县不详乡镇,广东省深圳市不详县不详乡镇
440400000,珠海市,广东省珠海市,广东省珠海市
440402000,香洲区,广东省珠海市香洲区,广东省珠海市香洲区
440402001,翠香街道,广东省珠海市香洲区翠香街道,广东省珠海市香洲区翠香街道
440402002,梅华街道,广东省珠海市香洲区梅华街道,广东省珠海市香洲区梅华街道
440402003,前山街道,广东省珠海市香洲区前山街道,广东省珠海市香洲区前山街道
440402004,吉大街道,广东省珠海市香洲区吉大街道,广东省珠海市香洲区吉大街道
440402005,拱北街道,广东省珠海市香洲区拱北街道,广东省珠海市香洲区拱北街道
440402006,香湾街道,广东省珠海市香洲区香湾街道,广东省珠海市香洲区香湾街道
440402007,狮山街道,广东省珠海市香洲区狮山街道,广东省珠海市香洲区狮山街道
440402008,湾仔街道,广东省珠海市香洲区湾仔街道,广东省珠海市香洲区湾仔街道
440402100,唐家湾镇,广东省珠海市香洲区唐家湾镇,广东省珠海市香洲区唐家湾镇
440402102,南屏镇,广东省珠海市香洲区南屏镇,广东省珠海市香洲区南屏镇
440402104,横琴镇,广东省珠海市香洲区横琴镇,广东省珠海市香洲区横琴镇
440402105,桂山镇,广东省珠海市香洲区桂山镇,广东省珠海市香洲区桂山镇
440402106,担杆镇,广东省珠海市香洲区担杆镇,广东省珠海市香洲区担杆镇
440402107,万山镇,广东省珠海市香洲区万山镇,广东省珠海市香洲区万山镇
440402999,不详乡镇,广东省珠海市香洲区不详乡镇,广东省珠海市香洲区不详乡镇
440403000,斗门区,广东省珠海市斗门区,广东省珠海市斗门区
440403001,白藤街道,广东省珠海市斗门区白藤街道,广东省珠海市斗门区白藤街道
440403102,莲洲镇,广东省珠海市斗门区莲洲镇,广东省珠海市斗门区莲洲镇
440403103,斗门镇,广东省珠海市斗门区斗门镇,广东省珠海市斗门区斗门镇
440403105,乾务镇,广东省珠海市斗门区乾务镇,广东省珠海市斗门区乾务镇
440403106,白蕉镇,广东省珠海市斗门区白蕉镇,广东省珠海市斗门区白蕉镇
440403107,井岸镇,广东省珠海市斗门区井岸镇,广东省珠海市斗门区井岸镇
440403999,不详乡镇,广东省珠海市斗门区不详乡镇,广东省珠海市斗门区不详乡镇
440404000,金湾区,广东省珠海市金湾区,广东省珠海市金湾区
440404100,三灶镇,广东省珠海市金湾区三灶镇,广东省珠海市金湾区三灶镇
440404101,南水镇,广东省珠海市金湾区南水镇,广东省珠海市金湾区南水镇
440404103,红旗镇,广东省珠海市金湾区红旗镇,广东省珠海市金湾区红旗镇
440404104,平沙镇,广东省珠海市金湾区平沙镇,广东省珠海市金湾区平沙镇
440404999,不详乡镇,广东省珠海市金湾区不详乡镇,广东省珠海市金湾区不详乡镇
440499000,不详县,广东省珠海市不详县,广东省珠海市不详县
440499999,不详乡镇,广东省珠海市不详县不详乡镇,广东省珠海市不详县不详乡镇
440500000,汕头市,广东省汕头市,广东省汕头市
440507000,龙湖区,广东省汕头市龙湖区,广东省汕头市龙湖区
440507001,金霞街道,广东省汕头市龙湖区金霞街道,广东省汕头市龙湖区金霞街道
440507002,龙祥街道,广东省汕头市龙湖区龙祥街道,广东省汕头市龙湖区龙祥街道
440507003,鸥汀街道,广东省汕头市龙湖区鸥汀街道,广东省汕头市龙湖区鸥汀街道
440507004,新津街道,广东省汕头市龙湖区新津街道,广东省汕头市龙湖区新津街道
440507006,龙华街道,广东省汕头市龙湖区龙华街道,广东省汕头市龙湖区龙华街道
440507007,外砂街道,广东省汕头市龙湖区外砂街道,广东省汕头市龙湖区外砂街道
440507008,珠池街道,广东省汕头市龙湖区珠池街道,广东省汕头市龙湖区珠池街道
440507009,新溪街道,广东省汕头市龙湖区新溪街道,广东省汕头市龙湖区新溪街道
440507010,新海街道,广东省汕头市龙湖区新海街道,广东省汕头市龙湖区新海街道
440507011,龙腾街道,广东省汕头市龙湖区龙腾街道,广东省汕头市龙湖区龙腾街道
440507999,不详乡镇,广东省汕头市龙湖区不详乡镇,广东省汕头市龙湖区不详乡镇
440511000,金平区,广东省汕头市金平区,广东省汕头市金平区
440511006,鮀莲街道,广东省汕头市金平区鮀莲街道,广东省汕头市金平区鮀莲街道
440511007,鮀江街道,广东省汕头市金平区鮀江街道,广东省汕头市金平区鮀江街道
440511009,大华街道,广东省汕头市金平区大华街道,广东省汕头市金平区大华街道
440511010,石炮台街道,广东省汕头市金平区石炮台街道,广东省汕头市金平区石炮台街道
440511011,东方街道,广东省汕头市金平区东方街道,广东省汕头市金平区东方街道
440511013,金砂街道,广东省汕头市金平区金砂街道,广东省汕头市金平区金砂街道
440511015,广厦街道,广东省汕头市金平区广厦街道,广东省汕头市金平区广厦街道
440511016,岐山街道,广东省汕头市金平区岐山街道,广东省汕头市金平区岐山街道
440511017,月浦街道,广东省汕头市金平区月浦街道,广东省汕头市金平区月浦街道
440511018,小公园街道,广东省汕头市金平区小公园街道,广东省汕头市金平区小公园街道
440511019,金东街道,广东省汕头市金平区金东街道,广东省汕头市金平区金东街道
440511020,光华街道,广东省汕头市金平区光华街道,广东省汕头市金平区光华街道
440511999,不详乡镇,广东省汕头市金平区不详乡镇,广东省汕头市金平区不详乡镇
440512000,濠江区,广东省汕头市濠江区,广东省汕头市濠江区
440512001,礐石街道,广东省汕头市濠江区礐石街道,广东省汕头市濠江区礐石街道
440512002,达濠街道,广东省汕头市濠江区达濠街道,广东省汕头市濠江区达濠街道
440512003,马滘街道,广东省汕头市濠江区马滘街道,广东省汕头市濠江区马滘街道
440512004,广澳街道,广东省汕头市濠江区广澳街道,广东省汕头市濠江区广澳街道
440512005,河浦街道,广东省汕头市濠江区河浦街道,广东省汕头市濠江区河浦街道
440512006,玉新街道,广东省汕头市濠江区玉新街道,广东省汕头市濠江区玉新街道
440512007,滨海街道,广东省汕头市濠江区滨海街道,广东省汕头市濠江区滨海街道
440512999,不详乡镇,广东省汕头市濠江区不详乡镇,广东省汕头市濠江区不详乡镇
440513000,潮阳区,广东省汕头市潮阳区,广东省汕头市潮阳区
440513001,文光街道,广东省汕头市潮阳区文光街道,广东省汕头市潮阳区文光街道
440513002,城南街道,广东省汕头市潮阳区城南街道,广东省汕头市潮阳区城南街道
440513003,棉北街道,广东省汕头市潮阳区棉北街道,广东省汕头市潮阳区棉北街道
440513004,金浦街道,广东省汕头市潮阳区金浦街道,广东省汕头市潮阳区金浦街道
440513101,海门镇,广东省汕头市潮阳区海门镇,广东省汕头市潮阳区海门镇
440513102,和平镇,广东省汕头市潮阳区和平镇,广东省汕头市潮阳区和平镇
440513103,贵屿镇,广东省汕头市潮阳区贵屿镇,广东省汕头市潮阳区贵屿镇
440513104,铜盂镇,广东省汕头市潮阳区铜盂镇,广东省汕头市潮阳区铜盂镇
440513105,谷饶镇,广东省汕头市潮阳区谷饶镇,广东省汕头市潮阳区谷饶镇
440513106,河溪镇,广东省汕头市潮阳区河溪镇,广东省汕头市潮阳区河溪镇
440513107,西胪镇,广东省汕头市潮阳区西胪镇,广东省汕头市潮阳区西胪镇
440513108,关埠镇,广东省汕头市潮阳区关埠镇,广东省汕头市潮阳区关埠镇
440513110,金灶镇,广东省汕头市潮阳区金灶镇,广东省汕头市潮阳区金灶镇
440513999,不详乡镇,广东省汕头市潮阳区不详乡镇,广东省汕头市潮阳区不详乡镇
440514000,潮南区,广东省汕头市潮南区,广东省汕头市潮南区
440514001,峡山街道,广东省汕头市潮南区峡山街道,广东省汕头市潮南区峡山街道
440514101,井都镇,广东省汕头市潮南区井都镇,广东省汕头市潮南区井都镇
440514102,陇田镇,广东省汕头市潮南区陇田镇,广东省汕头市潮南区陇田镇
440514104,成田镇,广东省汕头市潮南区成田镇,广东省汕头市潮南区成田镇
440514105,胪岗镇,广东省汕头市潮南区胪岗镇,广东省汕头市潮南区胪岗镇
440514107,两英镇,广东省汕头市潮南区两英镇,广东省汕头市潮南区两英镇
440514108,司马浦镇,广东省汕头市潮南区司马浦镇,广东省汕头市潮南区司马浦镇
440514109,陈店镇,广东省汕头市潮南区陈店镇,广东省汕头市潮南区陈店镇
440514111,仙城镇,广东省汕头市潮南区仙城镇,广东省汕头市潮南区仙城镇
440514112,红场镇,广东省汕头市潮南区红场镇,广东省汕头市潮南区红场镇
440514113,雷岭镇,广东省汕头市潮南区雷岭镇,广东省汕头市潮南区雷岭镇
440514999,不详乡镇,广东省汕头市潮南区不详乡镇,广东省汕头市潮南区不详乡镇
440515000,澄海区,广东省汕头市澄海区,广东省汕头市澄海区
440515001,凤翔街道,广东省汕头市澄海区凤翔街道,广东省汕头市澄海区凤翔街道
440515002,澄华街道,广东省汕头市澄海区澄华街道,广东省汕头市澄海区澄华街道
440515003,广益街道,广东省汕头市澄海区广益街道,广东省汕头市澄海区广益街道
440515101,东里镇,广东省汕头市澄海区东里镇,广东省汕头市澄海区东里镇
440515102,盐鸿镇,广东省汕头市澄海区盐鸿镇,广东省汕头市澄海区盐鸿镇
440515103,莲华镇,广东省汕头市澄海区莲华镇,广东省汕头市澄海区莲华镇
440515104,溪南镇,广东省汕头市澄海区溪南镇,广东省汕头市澄海区溪南镇
440515105,隆都镇,广东省汕头市澄海区隆都镇,广东省汕头市澄海区隆都镇
440515106,莲上镇,广东省汕头市澄海区莲上镇,广东省汕头市澄海区莲上镇
440515107,莲下镇,广东省汕头市澄海区莲下镇,广东省汕头市澄海区莲下镇
440515108,上华镇,广东省汕头市澄海区上华镇,广东省汕头市澄海区上华镇
440515999,不详乡镇,广东省汕头市澄海区不详乡镇,广东省汕头市澄海区不详乡镇
440523000,南澳县,广东省汕头市南澳县,广东省汕头市南澳县
440523101,后宅镇,广东省汕头市南澳县后宅镇,广东省汕头市南澳县后宅镇
440523102,云澳镇,广东省汕头市南澳县云澳镇,广东省汕头市南澳县云澳镇
440523103,深澳镇,广东省汕头市南澳县深澳镇,广东省汕头市南澳县深澳镇
440523999,不详乡镇,广东省汕头市南澳县不详乡镇,广东省汕头市南澳县不详乡镇
440599000,不详县,广东省汕头市不详县,广东省汕头市不详县
440599999,不详乡镇,广东省汕头市不详县不详乡镇,广东省汕头市不详县不详乡镇
440600000,佛山市,广东省佛山市,广东省佛山市
440604000,禅城区,广东省佛山市禅城区,广东省佛山市禅城区
440604001,祖庙街道,广东省佛山市禅城区祖庙街道,广东省佛山市禅城区祖庙街道
440604002,石湾镇街道,广东省佛山市禅城区石湾镇街道,广东省佛山市禅城区石湾镇街道
440604003,张槎街道,广东省佛山市禅城区张槎街道,广东省佛山市禅城区张槎街道
440604100,南庄镇,广东省佛山市禅城区南庄镇,广东省佛山市禅城区南庄镇
440604999,不详乡镇,广东省佛山市禅城区不详乡镇,广东省佛山市禅城区不详乡镇
440605000,南海区,广东省佛山市南海区,广东省佛山市南海区
440605001,桂城街道,广东省佛山市南海区桂城街道,广东省佛山市南海区桂城街道
440605100,里水镇,广东省佛山市南海区里水镇,广东省佛山市南海区里水镇
440605101,九江镇,广东省佛山市南海区九江镇,广东省佛山市南海区九江镇
440605102,丹灶镇,广东省佛山市南海区丹灶镇,广东省佛山市南海区丹灶镇
440605104,西樵镇,广东省佛山市南海区西樵镇,广东省佛山市南海区西樵镇
440605105,大沥镇,广东省佛山市南海区大沥镇,广东省佛山市南海区大沥镇
440605106,狮山镇,广东省佛山市南海区狮山镇,广东省佛山市南海区狮山镇
440605999,不详乡镇,广东省佛山市南海区不详乡镇,广东省佛山市南海区不详乡镇
440606000,顺德区,广东省佛山市顺德区,广东省佛山市顺德区
440606001,容桂街道,广东省佛山市顺德区容桂街道,广东省佛山市顺德区容桂街道
440606002,伦教街道,广东省佛山市顺德区伦教街道,广东省佛山市顺德区伦教街道
440606003,勒流街道,广东省佛山市顺德区勒流街道,广东省佛山市顺德区勒流街道
440606004,大良街道,广东省佛山市顺德区大良街道,广东省佛山市顺德区大良街道
440606100,陈村镇,广东省佛山市顺德区陈村镇,广东省佛山市顺德区陈村镇
440606101,北滘镇,广东省佛山市顺德区北滘镇,广东省佛山市顺德区北滘镇
440606102,乐从镇,广东省佛山市顺德区乐从镇,广东省佛山市顺德区乐从镇
440606103,龙江镇,广东省佛山市顺德区龙江镇,广东省佛山市顺德区龙江镇
440606104,杏坛镇,广东省佛山市顺德区杏坛镇,广东省佛山市顺德区杏坛镇
440606105,均安镇,广东省佛山市顺德区均安镇,广东省佛山市顺德区均安镇
440606999,不详乡镇,广东省佛山市顺德区不详乡镇,广东省佛山市顺德区不详乡镇
440607000,三水区,广东省佛山市三水区,广东省佛山市三水区
440607001,西南街道,广东省佛山市三水区西南街道,广东省佛山市三水区西南街道
440607004,云东海街道,广东省佛山市三水区云东海街道,广东省佛山市三水区云东海街道
440607101,大塘镇,广东省佛山市三水区大塘镇,广东省佛山市三水区大塘镇
440607103,乐平镇,广东省佛山市三水区乐平镇,广东省佛山市三水区乐平镇
440607104,白坭镇,广东省佛山市三水区白坭镇,广东省佛山市三水区白坭镇
440607105,芦苞镇,广东省佛山市三水区芦苞镇,广东省佛山市三水区芦苞镇
440607106,南山镇,广东省佛山市三水区南山镇,广东省佛山市三水区南山镇
440607392,佛山市公安局强制隔离戒毒所,广东省佛山市三水区佛山市公安局强制隔离戒毒所,广东省佛山市三水区佛山市公安局强制隔离戒毒所
440607393,广东省第二戒毒所,广东省佛山市三水区广东省第二戒毒所,广东省佛山市三水区广东省第二戒毒所
440607394,广东省女子劳教所,广东省佛山市三水区广东省女子劳教所,广东省佛山市三水区广东省女子劳教所
440607395,广东省南丰强制隔离戒毒所,广东省佛山市三水区广东省南丰强制隔离戒毒所,广东省佛山市三水区广东省南丰强制隔离戒毒所
440607396,广东省三水劳教所,广东省佛山市三水区广东省三水劳教所,广东省佛山市三水区广东省三水劳教所
440607999,不详乡镇,广东省佛山市三水区不详乡镇,广东省佛山市三水区不详乡镇
440608000,高明区,广东省佛山市高明区,广东省佛山市高明区
440608001,荷城街道,广东省佛山市高明区荷城街道,广东省佛山市高明区荷城街道
440608103,明城镇,广东省佛山市高明区明城镇,广东省佛山市高明区明城镇
440608107,杨和镇,广东省佛山市高明区杨和镇,广东省佛山市高明区杨和镇
440608108,更合镇,广东省佛山市高明区更合镇,广东省佛山市高明区更合镇
440608999,不详乡镇,广东省佛山市高明区不详乡镇,广东省佛山市高明区不详乡镇
440699000,不详县,广东省佛山市不详县,广东省佛山市不详县
440699999,不详乡镇,广东省佛山市不详县不详乡镇,广东省佛山市不详县不详乡镇
440700000,江门市,广东省江门市,广东省江门市
440703000,蓬江区,广东省江门市蓬江区,广东省江门市蓬江区
440703002,白沙街道,广东省江门市蓬江区白沙街道,广东省江门市蓬江区白沙街道
440703005,潮连街道,广东省江门市蓬江区潮连街道,广东省江门市蓬江区潮连街道
440703006,环市街道,广东省江门市蓬江区环市街道,广东省江门市蓬江区环市街道
440703101,荷塘镇,广东省江门市蓬江区荷塘镇,广东省江门市蓬江区荷塘镇
440703102,杜阮镇,广东省江门市蓬江区杜阮镇,广东省江门市蓬江区杜阮镇
440703103,棠下镇,广东省江门市蓬江区棠下镇,广东省江门市蓬江区棠下镇
440703999,不详乡镇,广东省江门市蓬江区不详乡镇,广东省江门市蓬江区不详乡镇
440704000,江海区,广东省江门市江海区,广东省江门市江海区
440704001,江南街道,广东省江门市江海区江南街道,广东省江门市江海区江南街道
440704004,外海街道,广东省江门市江海区外海街道,广东省江门市江海区外海街道
440704005,礼乐街道,广东省江门市江海区礼乐街道,广东省江门市江海区礼乐街道
440704999,不详乡镇,广东省江门市江海区不详乡镇,广东省江门市江海区不详乡镇
440705000,新会区,广东省江门市新会区,广东省江门市新会区
440705001,会城街道,广东省江门市新会区会城街道,广东省江门市新会区会城街道
440705101,大泽镇,广东省江门市新会区大泽镇,广东省江门市新会区大泽镇
440705103,司前镇,广东省江门市新会区司前镇,广东省江门市新会区司前镇
440705110,沙堆镇,广东省江门市新会区沙堆镇,广东省江门市新会区沙堆镇
440705111,古井镇,广东省江门市新会区古井镇,广东省江门市新会区古井镇
440705112,三江镇,广东省江门市新会区三江镇,广东省江门市新会区三江镇
440705113,睦洲镇,广东省江门市新会区睦洲镇,广东省江门市新会区睦洲镇
440705114,大鳌镇,广东省江门市新会区大鳌镇,广东省江门市新会区大鳌镇
440705119,罗坑镇,广东省江门市新会区罗坑镇,广东省江门市新会区罗坑镇
440705120,双水镇,广东省江门市新会区双水镇,广东省江门市新会区双水镇
440705121,崖门镇,广东省江门市新会区崖门镇,广东省江门市新会区崖门镇
440705999,不详乡镇,广东省江门市新会区不详乡镇,广东省江门市新会区不详乡镇
440781000,台山市,广东省江门市台山市,广东省江门市台山市
440781001,台城街道,广东省江门市台山市台城街道,广东省江门市台山市台城街道
440781101,大江镇,广东省江门市台山市大江镇,广东省江门市台山市大江镇
440781102,水步镇,广东省江门市台山市水步镇,广东省江门市台山市水步镇
440781103,四九镇,广东省江门市台山市四九镇,广东省江门市台山市四九镇
440781105,白沙镇,广东省江门市台山市白沙镇,广东省江门市台山市白沙镇
440781106,三合镇,广东省江门市台山市三合镇,广东省江门市台山市三合镇
440781107,冲蒌镇,广东省江门市台山市冲蒌镇,广东省江门市台山市冲蒌镇
440781108,斗山镇,广东省江门市台山市斗山镇,广东省江门市台山市斗山镇
440781109,都斛镇,广东省江门市台山市都斛镇,广东省江门市台山市都斛镇
440781110,赤溪镇,广东省江门市台山市赤溪镇,广东省江门市台山市赤溪镇
440781111,端芬镇,广东省江门市台山市端芬镇,广东省江门市台山市端芬镇
440781112,广海镇,广东省江门市台山市广海镇,广东省江门市台山市广海镇
440781113,海宴镇,广东省江门市台山市海宴镇,广东省江门市台山市海宴镇
440781114,汶村镇,广东省江门市台山市汶村镇,广东省江门市台山市汶村镇
440781115,深井镇,广东省江门市台山市深井镇,广东省江门市台山市深井镇
440781117,北陡镇,广东省江门市台山市北陡镇,广东省江门市台山市北陡镇
440781120,川岛镇,广东省江门市台山市川岛镇,广东省江门市台山市川岛镇
440781999,不详乡镇,广东省江门市台山市不详乡镇,广东省江门市台山市不详乡镇
440783000,开平市,广东省江门市开平市,广东省江门市开平市
440783001,三埠街道,广东省江门市开平市三埠街道,广东省江门市开平市三埠街道
440783002,长沙街道,广东省江门市开平市长沙街道,广东省江门市开平市长沙街道
440783101,月山镇,广东省江门市开平市月山镇,广东省江门市开平市月山镇
440783102,水口镇,广东省江门市开平市水口镇,广东省江门市开平市水口镇
440783103,沙塘镇,广东省江门市开平市沙塘镇,广东省江门市开平市沙塘镇
440783104,苍城镇,广东省江门市开平市苍城镇,广东省江门市开平市苍城镇
440783105,龙胜镇,广东省江门市开平市龙胜镇,广东省江门市开平市龙胜镇
440783106,大沙镇,广东省江门市开平市大沙镇,广东省江门市开平市大沙镇
440783107,马冈镇,广东省江门市开平市马冈镇,广东省江门市开平市马冈镇
440783108,塘口镇,广东省江门市开平市塘口镇,广东省江门市开平市塘口镇
440783109,赤坎镇,广东省江门市开平市赤坎镇,广东省江门市开平市赤坎镇
440783110,百合镇,广东省江门市开平市百合镇,广东省江门市开平市百合镇
440783111,蚬冈镇,广东省江门市开平市蚬冈镇,广东省江门市开平市蚬冈镇
440783112,金鸡镇,广东省江门市开平市金鸡镇,广东省江门市开平市金鸡镇
440783113,赤水镇,广东省江门市开平市赤水镇,广东省江门市开平市赤水镇
440783999,不详乡镇,广东省江门市开平市不详乡镇,广东省江门市开平市不详乡镇
440784000,鹤山市,广东省江门市鹤山市,广东省江门市鹤山市
440784001,沙坪街道,广东省江门市鹤山市沙坪街道,广东省江门市鹤山市沙坪街道
440784101,龙口镇,广东省江门市鹤山市龙口镇,广东省江门市鹤山市龙口镇
440784102,雅瑶镇,广东省江门市鹤山市雅瑶镇,广东省江门市鹤山市雅瑶镇
440784103,古劳镇,广东省江门市鹤山市古劳镇,广东省江门市鹤山市古劳镇
440784104,桃源镇,广东省江门市鹤山市桃源镇,广东省江门市鹤山市桃源镇
440784105,鹤城镇,广东省江门市鹤山市鹤城镇,广东省江门市鹤山市鹤城镇
440784106,共和镇,广东省江门市鹤山市共和镇,广东省江门市鹤山市共和镇
440784107,址山镇,广东省江门市鹤山市址山镇,广东省江门市鹤山市址山镇
440784108,宅梧镇,广东省江门市鹤山市宅梧镇,广东省江门市鹤山市宅梧镇
440784110,双合镇,广东省江门市鹤山市双合镇,广东省江门市鹤山市双合镇
440784999,不详乡镇,广东省江门市鹤山市不详乡镇,广东省江门市鹤山市不详乡镇
440785000,恩平市,广东省江门市恩平市,广东省江门市恩平市
440785001,恩城街道,广东省江门市恩平市恩城街道,广东省江门市恩平市恩城街道
440785100,横陂镇,广东省江门市恩平市横陂镇,广东省江门市恩平市横陂镇
440785101,圣堂镇,广东省江门市恩平市圣堂镇,广东省江门市恩平市圣堂镇
440785102,良西镇,广东省江门市恩平市良西镇,广东省江门市恩平市良西镇
440785103,沙湖镇,广东省江门市恩平市沙湖镇,广东省江门市恩平市沙湖镇
440785104,牛江镇,广东省江门市恩平市牛江镇,广东省江门市恩平市牛江镇
440785105,君堂镇,广东省江门市恩平市君堂镇,广东省江门市恩平市君堂镇
440785106,大田镇,广东省江门市恩平市大田镇,广东省江门市恩平市大田镇
440785107,那吉镇,广东省江门市恩平市那吉镇,广东省江门市恩平市那吉镇
440785108,大槐镇,广东省江门市恩平市大槐镇,广东省江门市恩平市大槐镇
440785109,东成镇,广东省江门市恩平市东成镇,广东省江门市恩平市东成镇
440785999,不详乡镇,广东省江门市恩平市不详乡镇,广东省江门市恩平市不详乡镇
440799000,不详县,广东省江门市不详县,广东省江门市不详县
440799999,不详乡镇,广东省江门市不详县不详乡镇,广东省江门市不详县不详乡镇
440800000,湛江市,广东省湛江市,广东省湛江市
440802000,赤坎区,广东省湛江市赤坎区,广东省湛江市赤坎区
440802001,中华街道,广东省湛江市赤坎区中华街道,广东省湛江市赤坎区中华街道
440802002,寸金街道,广东省湛江市赤坎区寸金街道,广东省湛江市赤坎区寸金街道
440802003,民主街道,广东省湛江市赤坎区民主街道,广东省湛江市赤坎区民主街道
440802004,中山街道,广东省湛江市赤坎区中山街道,广东省湛江市赤坎区中山街道
440802005,调顺街道,广东省湛江市赤坎区调顺街道,广东省湛江市赤坎区调顺街道
440802006,沙湾街道,广东省湛江市赤坎区沙湾街道,广东省湛江市赤坎区沙湾街道
440802007,南桥街道,广东省湛江市赤坎区南桥街道,广东省湛江市赤坎区南桥街道
440802008,北桥街道,广东省湛江市赤坎区北桥街道,广东省湛江市赤坎区北桥街道
440802999,不详乡镇,广东省湛江市赤坎区不详乡镇,广东省湛江市赤坎区不详乡镇
440803000,霞山区,广东省湛江市霞山区,广东省湛江市霞山区
440803001,解放街道,广东省湛江市霞山区解放街道,广东省湛江市霞山区解放街道
440803002,爱国街道,广东省湛江市霞山区爱国街道,广东省湛江市霞山区爱国街道
440803003,工农街道,广东省湛江市霞山区工农街道,广东省湛江市霞山区工农街道
440803004,友谊街道,广东省湛江市霞山区友谊街道,广东省湛江市霞山区友谊街道
440803005,新兴街道,广东省湛江市霞山区新兴街道,广东省湛江市霞山区新兴街道
440803006,海滨街道,广东省湛江市霞山区海滨街道,广东省湛江市霞山区海滨街道
440803009,建设街道,广东省湛江市霞山区建设街道,广东省湛江市霞山区建设街道
440803010,东新街道,广东省湛江市霞山区东新街道,广东省湛江市霞山区东新街道
440803011,新园街道,广东省湛江市霞山区新园街道,广东省湛江市霞山区新园街道
440803012,海头街道,广东省湛江市霞山区海头街道,广东省湛江市霞山区海头街道
440803096,开发区,广东省湛江市霞山区开发区,广东省湛江市霞山区开发区
440803999,不详乡镇,广东省湛江市霞山区不详乡镇,广东省湛江市霞山区不详乡镇
440804000,坡头区,广东省湛江市坡头区,广东省湛江市坡头区
440804001,南调街道,广东省湛江市坡头区南调街道,广东省湛江市坡头区南调街道
440804002,麻斜街道,广东省湛江市坡头区麻斜街道,广东省湛江市坡头区麻斜街道
440804096,南油,广东省湛江市坡头区南油,广东省湛江市坡头区南油
440804100,南三镇,广东省湛江市坡头区南三镇,广东省湛江市坡头区南三镇
440804101,坡头镇,广东省湛江市坡头区坡头镇,广东省湛江市坡头区坡头镇
440804102,乾塘镇,广东省湛江市坡头区乾塘镇,广东省湛江市坡头区乾塘镇
440804103,龙头镇,广东省湛江市坡头区龙头镇,广东省湛江市坡头区龙头镇
440804104,官渡镇,广东省湛江市坡头区官渡镇,广东省湛江市坡头区官渡镇
440804999,不详乡镇,广东省湛江市坡头区不详乡镇,广东省湛江市坡头区不详乡镇
440811000,麻章区,广东省湛江市麻章区,广东省湛江市麻章区
440811100,麻章镇,广东省湛江市麻章区麻章镇,广东省湛江市麻章区麻章镇
440811101,太平镇,广东省湛江市麻章区太平镇,广东省湛江市麻章区太平镇
440811102,湖光镇,广东省湛江市麻章区湖光镇,广东省湛江市麻章区湖光镇
440811193,硇洲镇,广东省湛江市麻章区硇洲镇,广东省湛江市麻章区硇洲镇
440811194,东简镇,广东省湛江市麻章区东简镇,广东省湛江市麻章区东简镇
440811195,民安镇,广东省湛江市麻章区民安镇,广东省湛江市麻章区民安镇
440811196,东山镇,广东省湛江市麻章区东山镇,广东省湛江市麻章区东山镇
440811999,不详乡镇,广东省湛江市麻章区不详乡镇,广东省湛江市麻章区不详乡镇
440823000,遂溪县,广东省湛江市遂溪县,广东省湛江市遂溪县
440823100,遂城镇,广东省湛江市遂溪县遂城镇,广东省湛江市遂溪县遂城镇
440823101,黄略镇,广东省湛江市遂溪县黄略镇,广东省湛江市遂溪县黄略镇
440823102,洋青镇,广东省湛江市遂溪县洋青镇,广东省湛江市遂溪县洋青镇
440823104,界炮镇,广东省湛江市遂溪县界炮镇,广东省湛江市遂溪县界炮镇
440823106,杨柑镇,广东省湛江市遂溪县杨柑镇,广东省湛江市遂溪县杨柑镇
440823107,城月镇,广东省湛江市遂溪县城月镇,广东省湛江市遂溪县城月镇
440823108,乌塘镇,广东省湛江市遂溪县乌塘镇,广东省湛江市遂溪县乌塘镇
440823109,建新镇,广东省湛江市遂溪县建新镇,广东省湛江市遂溪县建新镇
440823110,岭北镇,广东省湛江市遂溪县岭北镇,广东省湛江市遂溪县岭北镇
440823111,北坡镇,广东省湛江市遂溪县北坡镇,广东省湛江市遂溪县北坡镇
440823112,港门镇,广东省湛江市遂溪县港门镇,广东省湛江市遂溪县港门镇
440823113,草潭镇,广东省湛江市遂溪县草潭镇,广东省湛江市遂溪县草潭镇
440823115,河头镇,广东省湛江市遂溪县河头镇,广东省湛江市遂溪县河头镇
440823116,乐民镇,广东省湛江市遂溪县乐民镇,广东省湛江市遂溪县乐民镇
440823117,江洪镇,广东省湛江市遂溪县江洪镇,广东省湛江市遂溪县江洪镇
440823996,厂场,广东省湛江市遂溪县厂场,广东省湛江市遂溪县厂场
440823999,不详乡镇,广东省湛江市遂溪县不详乡镇,广东省湛江市遂溪县不详乡镇
440825000,徐闻县,广东省湛江市徐闻县,广东省湛江市徐闻县
440825001,徐城街道,广东省湛江市徐闻县徐城街道,广东省湛江市徐闻县徐城街道
440825102,迈陈镇,广东省湛江市徐闻县迈陈镇,广东省湛江市徐闻县迈陈镇
440825103,海安镇,广东省湛江市徐闻县海安镇,广东省湛江市徐闻县海安镇
440825104,曲界镇,广东省湛江市徐闻县曲界镇,广东省湛江市徐闻县曲界镇
440825105,前山镇,广东省湛江市徐闻县前山镇,广东省湛江市徐闻县前山镇
440825106,西连镇,广东省湛江市徐闻县西连镇,广东省湛江市徐闻县西连镇
440825107,下桥镇,广东省湛江市徐闻县下桥镇,广东省湛江市徐闻县下桥镇
440825108,龙塘镇,广东省湛江市徐闻县龙塘镇,广东省湛江市徐闻县龙塘镇
440825109,下洋镇,广东省湛江市徐闻县下洋镇,广东省湛江市徐闻县下洋镇
440825110,锦和镇,广东省湛江市徐闻县锦和镇,广东省湛江市徐闻县锦和镇
440825111,和安镇,广东省湛江市徐闻县和安镇,广东省湛江市徐闻县和安镇
440825112,新寮镇,广东省湛江市徐闻县新寮镇,广东省湛江市徐闻县新寮镇
440825113,南山镇,广东省湛江市徐闻县南山镇,广东省湛江市徐闻县南山镇
440825201,城北乡,广东省湛江市徐闻县城北乡,广东省湛江市徐闻县城北乡
440825204,角尾乡,广东省湛江市徐闻县角尾乡,广东省湛江市徐闻县角尾乡
440825996,徐闻农场,广东省湛江市徐闻县徐闻农场,广东省湛江市徐闻县徐闻农场
440825999,不详乡镇,广东省湛江市徐闻县不详乡镇,广东省湛江市徐闻县不详乡镇
440881000,廉江市,广东省湛江市廉江市,广东省湛江市廉江市
440881001,罗州街道,广东省湛江市廉江市罗州街道,广东省湛江市廉江市罗州街道
440881002,城北街道,广东省湛江市廉江市城北街道,广东省湛江市廉江市城北街道
440881003,城南街道,广东省湛江市廉江市城南街道,广东省湛江市廉江市城南街道
440881101,石城镇,广东省湛江市廉江市石城镇,广东省湛江市廉江市石城镇
440881102,新民镇,广东省湛江市廉江市新民镇,广东省湛江市廉江市新民镇
440881103,吉水镇,广东省湛江市廉江市吉水镇,广东省湛江市廉江市吉水镇
440881104,河唇镇,广东省湛江市廉江市河唇镇,广东省湛江市廉江市河唇镇
440881105,石角镇,广东省湛江市廉江市石角镇,广东省湛江市廉江市石角镇
440881106,良垌镇,广东省湛江市廉江市良垌镇,广东省湛江市廉江市良垌镇
440881109,横山镇,广东省湛江市廉江市横山镇,广东省湛江市廉江市横山镇
440881110,安铺镇,广东省湛江市廉江市安铺镇,广东省湛江市廉江市安铺镇
440881111,营仔镇,广东省湛江市廉江市营仔镇,广东省湛江市廉江市营仔镇
440881112,青平镇,广东省湛江市廉江市青平镇,广东省湛江市廉江市青平镇
440881113,车板镇,广东省湛江市廉江市车板镇,广东省湛江市廉江市车板镇
440881114,高桥镇,广东省湛江市廉江市高桥镇,广东省湛江市廉江市高桥镇
440881115,石岭镇,广东省湛江市廉江市石岭镇,广东省湛江市廉江市石岭镇
440881117,雅塘镇,广东省湛江市廉江市雅塘镇,广东省湛江市廉江市雅塘镇
440881118,石颈镇,广东省湛江市廉江市石颈镇,广东省湛江市廉江市石颈镇
440881119,长山镇,广东省湛江市廉江市长山镇,广东省湛江市廉江市长山镇
440881120,塘蓬镇,广东省湛江市廉江市塘蓬镇,广东省湛江市廉江市塘蓬镇
440881121,和寮镇,广东省湛江市廉江市和寮镇,广东省湛江市廉江市和寮镇
440881992,黎明农场,广东省湛江市廉江市黎明农场,广东省湛江市廉江市黎明农场
440881993,晨光农场,广东省湛江市廉江市晨光农场,广东省湛江市廉江市晨光农场
440881994,红江农场,广东省湛江市廉江市红江农场,广东省湛江市廉江市红江农场
440881995,红湖农场,广东省湛江市廉江市红湖农场,广东省湛江市廉江市红湖农场
440881996,东升农场,广东省湛江市廉江市东升农场,广东省湛江市廉江市东升农场
440881999,不详乡镇,广东省湛江市廉江市不详乡镇,广东省湛江市廉江市不详乡镇
440882000,雷州市,广东省湛江市雷州市,广东省湛江市雷州市
440882001,雷城街道,广东省湛江市雷州市雷城街道,广东省湛江市雷州市雷城街道
440882002,新城街道,广东省湛江市雷州市新城街道,广东省湛江市雷州市新城街道
440882003,西湖街道,广东省湛江市雷州市西湖街道,广东省湛江市雷州市西湖街道
440882101,附城镇,广东省湛江市雷州市附城镇,广东省湛江市雷州市附城镇
440882102,白沙镇,广东省湛江市雷州市白沙镇,广东省湛江市雷州市白沙镇
440882103,沈塘镇,广东省湛江市雷州市沈塘镇,广东省湛江市雷州市沈塘镇
440882104,客路镇,广东省湛江市雷州市客路镇,广东省湛江市雷州市客路镇
440882105,杨家镇,广东省湛江市雷州市杨家镇,广东省湛江市雷州市杨家镇
440882106,唐家镇,广东省湛江市雷州市唐家镇,广东省湛江市雷州市唐家镇
440882107,纪家镇,广东省湛江市雷州市纪家镇,广东省湛江市雷州市纪家镇
440882108,企水镇,广东省湛江市雷州市企水镇,广东省湛江市雷州市企水镇
440882109,南兴镇,广东省湛江市雷州市南兴镇,广东省湛江市雷州市南兴镇
440882110,松竹镇,广东省湛江市雷州市松竹镇,广东省湛江市雷州市松竹镇
440882111,调风镇,广东省湛江市雷州市调风镇,广东省湛江市雷州市调风镇
440882112,雷高镇,广东省湛江市雷州市雷高镇,广东省湛江市雷州市雷高镇
440882113,东里镇,广东省湛江市雷州市东里镇,广东省湛江市雷州市东里镇
440882114,龙门镇,广东省湛江市雷州市龙门镇,广东省湛江市雷州市龙门镇
440882115,英利镇,广东省湛江市雷州市英利镇,广东省湛江市雷州市英利镇
440882116,北和镇,广东省湛江市雷州市北和镇,广东省湛江市雷州市北和镇
440882118,覃斗镇,广东省湛江市雷州市覃斗镇,广东省湛江市雷州市覃斗镇
440882119,乌石镇,广东省湛江市雷州市乌石镇,广东省湛江市雷州市乌石镇
440882996,雷州农场,广东省湛江市雷州市雷州农场,广东省湛江市雷州市雷州农场
440882999,不详乡镇,广东省湛江市雷州市不详乡镇,广东省湛江市雷州市不详乡镇
440883000,吴川市,广东省湛江市吴川市,广东省湛江市吴川市
440883001,梅菉街道,广东省湛江市吴川市梅菉街道,广东省湛江市吴川市梅菉街道
440883002,塘尾街道,广东省湛江市吴川市塘尾街道,广东省湛江市吴川市塘尾街道
440883003,大山江街道,广东省湛江市吴川市大山江街道,广东省湛江市吴川市大山江街道
440883004,博铺街道,广东省湛江市吴川市博铺街道,广东省湛江市吴川市博铺街道
440883005,海滨街道,广东省湛江市吴川市海滨街道,广东省湛江市吴川市海滨街道
440883100,浅水镇,广东省湛江市吴川市浅水镇,广东省湛江市吴川市浅水镇
440883101,长岐镇,广东省湛江市吴川市长岐镇,广东省湛江市吴川市长岐镇
440883102,覃巴镇,广东省湛江市吴川市覃巴镇,广东省湛江市吴川市覃巴镇
440883103,王村港镇,广东省湛江市吴川市王村港镇,广东省湛江市吴川市王村港镇
440883104,振文镇,广东省湛江市吴川市振文镇,广东省湛江市吴川市振文镇
440883105,樟铺镇,广东省湛江市吴川市樟铺镇,广东省湛江市吴川市樟铺镇
440883106,吴阳镇,广东省湛江市吴川市吴阳镇,广东省湛江市吴川市吴阳镇
440883107,塘㙍镇,广东省湛江市吴川市塘㙍镇,广东省湛江市吴川市塘㙍镇
440883109,黄坡镇,广东省湛江市吴川市黄坡镇,广东省湛江市吴川市黄坡镇
440883111,兰石镇,广东省湛江市吴川市兰石镇,广东省湛江市吴川市兰石镇
440883999,不详乡镇,广东省湛江市吴川市不详乡镇,广东省湛江市吴川市不详乡镇
440899000,不详县,广东省湛江市不详县,广东省湛江市不详县
440899999,不详乡镇,广东省湛江市不详县不详乡镇,广东省湛江市不详县不详乡镇
440900000,茂名市,广东省茂名市,广东省茂名市
440902000,茂南区,广东省茂名市茂南区,广东省茂名市茂南区
440902001,红旗街道,广东省茂名市茂南区红旗街道,广东省茂名市茂南区红旗街道
440902002,河西街道,广东省茂名市茂南区河西街道,广东省茂名市茂南区河西街道
440902003,河东街道,广东省茂名市茂南区河东街道,广东省茂名市茂南区河东街道
440902004,露天矿街道,广东省茂名市茂南区露天矿街道,广东省茂名市茂南区露天矿街道
440902005,新华街道,广东省茂名市茂南区新华街道,广东省茂名市茂南区新华街道
440902006,官渡街道,广东省茂名市茂南区官渡街道,广东省茂名市茂南区官渡街道
440902007,站前街道,广东省茂名市茂南区站前街道,广东省茂名市茂南区站前街道
440902008,城南街道,广东省茂名市茂南区城南街道,广东省茂名市茂南区城南街道
440902100,金塘镇,广东省茂名市茂南区金塘镇,广东省茂名市茂南区金塘镇
440902101,公馆镇,广东省茂名市茂南区公馆镇,广东省茂名市茂南区公馆镇
440902102,新坡镇,广东省茂名市茂南区新坡镇,广东省茂名市茂南区新坡镇
440902103,镇盛镇,广东省茂名市茂南区镇盛镇,广东省茂名市茂南区镇盛镇
440902104,鳌头镇,广东省茂名市茂南区鳌头镇,广东省茂名市茂南区鳌头镇
440902105,袂花镇,广东省茂名市茂南区袂花镇,广东省茂名市茂南区袂花镇
440902106,高山镇,广东省茂名市茂南区高山镇,广东省茂名市茂南区高山镇
440902107,山阁镇,广东省茂名市茂南区山阁镇,广东省茂名市茂南区山阁镇
440902108,羊角镇,广东省茂名市茂南区羊角镇,广东省茂名市茂南区羊角镇
440902999,不详乡镇,广东省茂名市茂南区不详乡镇,广东省茂名市茂南区不详乡镇
440904000,电白区,广东省茂名市电白区,广东省茂名市电白区
440904001,南海街道,广东省茂名市电白区南海街道,广东省茂名市电白区南海街道
440904003,水东街道,广东省茂名市电白区水东街道,广东省茂名市电白区水东街道
440904005,陈村街道,广东省茂名市电白区陈村街道,广东省茂名市电白区陈村街道
440904101,坡心镇,广东省茂名市电白区坡心镇,广东省茂名市电白区坡心镇
440904102,小良镇,广东省茂名市电白区小良镇,广东省茂名市电白区小良镇
440904103,沙院镇,广东省茂名市电白区沙院镇,广东省茂名市电白区沙院镇
440904104,马踏镇,广东省茂名市电白区马踏镇,广东省茂名市电白区马踏镇
440904105,岭门镇,广东省茂名市电白区岭门镇,广东省茂名市电白区岭门镇
440904106,树仔镇,广东省茂名市电白区树仔镇,广东省茂名市电白区树仔镇
440904107,麻岗镇,广东省茂名市电白区麻岗镇,广东省茂名市电白区麻岗镇
440904108,旦场镇,广东省茂名市电白区旦场镇,广东省茂名市电白区旦场镇
440904109,林头镇,广东省茂名市电白区林头镇,广东省茂名市电白区林头镇
440904110,霞洞镇,广东省茂名市电白区霞洞镇,广东省茂名市电白区霞洞镇
440904111,观珠镇,广东省茂名市电白区观珠镇,广东省茂名市电白区观珠镇
440904112,沙琅镇,广东省茂名市电白区沙琅镇,广东省茂名市电白区沙琅镇
440904113,黄岭镇,广东省茂名市电白区黄岭镇,广东省茂名市电白区黄岭镇
440904114,望夫镇,广东省茂名市电白区望夫镇,广东省茂名市电白区望夫镇
440904115,罗坑镇,广东省茂名市电白区罗坑镇,广东省茂名市电白区罗坑镇
440904116,那霍镇,广东省茂名市电白区那霍镇,广东省茂名市电白区那霍镇
440904194,七迳镇,广东省茂名市电白区七迳镇,广东省茂名市电白区七迳镇
440904195,博贺镇,广东省茂名市电白区博贺镇,广东省茂名市电白区博贺镇
440904196,电城镇,广东省茂名市电白区电城镇,广东省茂名市电白区电城镇
440904999,不详乡镇,广东省茂名市电白区不详乡镇,广东省茂名市电白区不详乡镇
440981000,高州市,广东省茂名市高州市,广东省茂名市高州市
440981002,石仔岭街道,广东省茂名市高州市石仔岭街道,广东省茂名市高州市石仔岭街道
440981003,山美街道,广东省茂名市高州市山美街道,广东省茂名市高州市山美街道
440981006,金山街道,广东省茂名市高州市金山街道,广东省茂名市高州市金山街道
440981007,宝光街道,广东省茂名市高州市宝光街道,广东省茂名市高州市宝光街道
440981008,潘州街道,广东省茂名市高州市潘州街道,广东省茂名市高州市潘州街道
440981100,谢鸡镇,广东省茂名市高州市谢鸡镇,广东省茂名市高州市谢鸡镇
440981101,新垌镇,广东省茂名市高州市新垌镇,广东省茂名市高州市新垌镇
440981102,云潭镇,广东省茂名市高州市云潭镇,广东省茂名市高州市云潭镇
440981103,分界镇,广东省茂名市高州市分界镇,广东省茂名市高州市分界镇
440981104,根子镇,广东省茂名市高州市根子镇,广东省茂名市高州市根子镇
440981105,泗水镇,广东省茂名市高州市泗水镇,广东省茂名市高州市泗水镇
440981106,石鼓镇,广东省茂名市高州市石鼓镇,广东省茂名市高州市石鼓镇
440981107,镇江镇,广东省茂名市高州市镇江镇,广东省茂名市高州市镇江镇
440981109,沙田镇,广东省茂名市高州市沙田镇,广东省茂名市高州市沙田镇
440981110,南塘镇,广东省茂名市高州市南塘镇,广东省茂名市高州市南塘镇
440981111,荷花镇,广东省茂名市高州市荷花镇,广东省茂名市高州市荷花镇
440981112,石板镇,广东省茂名市高州市石板镇,广东省茂名市高州市石板镇
440981113,东岸镇,广东省茂名市高州市东岸镇,广东省茂名市高州市东岸镇
440981115,大井镇,广东省茂名市高州市大井镇,广东省茂名市高州市大井镇
440981116,潭头镇,广东省茂名市高州市潭头镇,广东省茂名市高州市潭头镇
440981117,长坡镇,广东省茂名市高州市长坡镇,广东省茂名市高州市长坡镇
440981119,大坡镇,广东省茂名市高州市大坡镇,广东省茂名市高州市大坡镇
440981120,平山镇,广东省茂名市高州市平山镇,广东省茂名市高州市平山镇
440981121,深镇镇,广东省茂名市高州市深镇镇,广东省茂名市高州市深镇镇
440981122,马贵镇,广东省茂名市高州市马贵镇,广东省茂名市高州市马贵镇
440981123,古丁镇,广东省茂名市高州市古丁镇,广东省茂名市高州市古丁镇
440981124,曹江镇,广东省茂名市高州市曹江镇,广东省茂名市高州市曹江镇
440981126,荷塘镇,广东省茂名市高州市荷塘镇,广东省茂名市高州市荷塘镇
440981999,不详乡镇,广东省茂名市高州市不详乡镇,广东省茂名市高州市不详乡镇
440982000,化州市,广东省茂名市化州市,广东省茂名市化州市
440982001,河西街道,广东省茂名市化州市河西街道,广东省茂名市化州市河西街道
440982002,东山街道,广东省茂名市化州市东山街道,广东省茂名市化州市东山街道
440982003,下郭街道,广东省茂名市化州市下郭街道,广东省茂名市化州市下郭街道
440982004,南盛街道,广东省茂名市化州市南盛街道,广东省茂名市化州市南盛街道
440982005,石湾街道,广东省茂名市化州市石湾街道,广东省茂名市化州市石湾街道
440982006,鉴江街道,广东省茂名市化州市鉴江街道,广东省茂名市化州市鉴江街道
440982100,长岐镇,广东省茂名市化州市长岐镇,广东省茂名市化州市长岐镇
440982101,同庆镇,广东省茂名市化州市同庆镇,广东省茂名市化州市同庆镇
440982102,杨梅镇,广东省茂名市化州市杨梅镇,广东省茂名市化州市杨梅镇
440982103,良光镇,广东省茂名市化州市良光镇,广东省茂名市化州市良光镇
440982104,笪桥镇,广东省茂名市化州市笪桥镇,广东省茂名市化州市笪桥镇
440982106,丽岗镇,广东省茂名市化州市丽岗镇,广东省茂名市化州市丽岗镇
440982107,新安镇,广东省茂名市化州市新安镇,广东省茂名市化州市新安镇
440982108,官桥镇,广东省茂名市化州市官桥镇,广东省茂名市化州市官桥镇
440982110,林尘镇,广东省茂名市化州市林尘镇,广东省茂名市化州市林尘镇
440982111,中垌镇,广东省茂名市化州市中垌镇,广东省茂名市化州市中垌镇
440982112,合江镇,广东省茂名市化州市合江镇,广东省茂名市化州市合江镇
440982113,那务镇,广东省茂名市化州市那务镇,广东省茂名市化州市那务镇
440982114,播扬镇,广东省茂名市化州市播扬镇,广东省茂名市化州市播扬镇
440982115,宝圩镇,广东省茂名市化州市宝圩镇,广东省茂名市化州市宝圩镇
440982116,平定镇,广东省茂名市化州市平定镇,广东省茂名市化州市平定镇
440982117,文楼镇,广东省茂名市化州市文楼镇,广东省茂名市化州市文楼镇
440982118,江湖镇,广东省茂名市化州市江湖镇,广东省茂名市化州市江湖镇
440982999,不详乡镇,广东省茂名市化州市不详乡镇,广东省茂名市化州市不详乡镇
440983000,信宜市,广东省茂名市信宜市,广东省茂名市信宜市
440983001,东镇街道,广东省茂名市信宜市东镇街道,广东省茂名市信宜市东镇街道
440983101,镇隆镇,广东省茂名市信宜市镇隆镇,广东省茂名市信宜市镇隆镇
440983102,水口镇,广东省茂名市信宜市水口镇,广东省茂名市信宜市水口镇
440983103,北界镇,广东省茂名市信宜市北界镇,广东省茂名市信宜市北界镇
440983105,丁堡镇,广东省茂名市信宜市丁堡镇,广东省茂名市信宜市丁堡镇
440983106,池洞镇,广东省茂名市信宜市池洞镇,广东省茂名市信宜市池洞镇
440983107,金垌镇,广东省茂名市信宜市金垌镇,广东省茂名市信宜市金垌镇
440983109,朱砂镇,广东省茂名市信宜市朱砂镇,广东省茂名市信宜市朱砂镇
440983112,贵子镇,广东省茂名市信宜市贵子镇,广东省茂名市信宜市贵子镇
440983113,怀乡镇,广东省茂名市信宜市怀乡镇,广东省茂名市信宜市怀乡镇
440983114,茶山镇,广东省茂名市信宜市茶山镇,广东省茂名市信宜市茶山镇
440983115,洪冠镇,广东省茂名市信宜市洪冠镇,广东省茂名市信宜市洪冠镇
440983116,白石镇,广东省茂名市信宜市白石镇,广东省茂名市信宜市白石镇
440983117,大成镇,广东省茂名市信宜市大成镇,广东省茂名市信宜市大成镇
440983118,钱排镇,广东省茂名市信宜市钱排镇,广东省茂名市信宜市钱排镇
440983119,合水镇,广东省茂名市信宜市合水镇,广东省茂名市信宜市合水镇
440983120,新宝镇,广东省茂名市信宜市新宝镇,广东省茂名市信宜市新宝镇
440983121,平塘镇,广东省茂名市信宜市平塘镇,广东省茂名市信宜市平塘镇
440983122,思贺镇,广东省茂名市信宜市思贺镇,广东省茂名市信宜市思贺镇
440983999,不详乡镇,广东省茂名市信宜市不详乡镇,广东省茂名市信宜市不详乡镇
440999000,不详县,广东省茂名市不详县,广东省茂名市不详县
440999999,不详乡镇,广东省茂名市不详县不详乡镇,广东省茂名市不详县不详乡镇
441200000,肇庆市,广东省肇庆市,广东省肇庆市
441202000,端州区,广东省肇庆市端州区,广东省肇庆市端州区
441202001,城东街道,广东省肇庆市端州区城东街道,广东省肇庆市端州区城东街道
441202003,城西街道,广东省肇庆市端州区城西街道,广东省肇庆市端州区城西街道
441202005,黄岗街道,广东省肇庆市端州区黄岗街道,广东省肇庆市端州区黄岗街道
441202006,睦岗街道,广东省肇庆市端州区睦岗街道,广东省肇庆市端州区睦岗街道
441202999,不详乡镇,广东省肇庆市端州区不详乡镇,广东省肇庆市端州区不详乡镇
441203000,鼎湖区,广东省肇庆市鼎湖区,广东省肇庆市鼎湖区
441203001,坑口街道,广东省肇庆市鼎湖区坑口街道,广东省肇庆市鼎湖区坑口街道
441203002,桂城街道,广东省肇庆市鼎湖区桂城街道,广东省肇庆市鼎湖区桂城街道
441203003,广利街道,广东省肇庆市鼎湖区广利街道,广东省肇庆市鼎湖区广利街道
441203101,永安镇,广东省肇庆市鼎湖区永安镇,广东省肇庆市鼎湖区永安镇
441203102,沙浦镇,广东省肇庆市鼎湖区沙浦镇,广东省肇庆市鼎湖区沙浦镇
441203103,凤凰镇,广东省肇庆市鼎湖区凤凰镇,广东省肇庆市鼎湖区凤凰镇
441203104,莲花镇,广东省肇庆市鼎湖区莲花镇,广东省肇庆市鼎湖区莲花镇
441203196,大旺区,广东省肇庆市鼎湖区大旺区,广东省肇庆市鼎湖区大旺区
441203999,不详乡镇,广东省肇庆市鼎湖区不详乡镇,广东省肇庆市鼎湖区不详乡镇
441204000,高要区,广东省肇庆市高要区,广东省肇庆市高要区
441204001,南岸街道,广东省肇庆市高要区南岸街道,广东省肇庆市高要区南岸街道
441204100,河台镇,广东省肇庆市高要区河台镇,广东省肇庆市高要区河台镇
441204101,乐城镇,广东省肇庆市高要区乐城镇,广东省肇庆市高要区乐城镇
441204102,水南镇,广东省肇庆市高要区水南镇,广东省肇庆市高要区水南镇
441204103,禄步镇,广东省肇庆市高要区禄步镇,广东省肇庆市高要区禄步镇
441204104,小湘镇,广东省肇庆市高要区小湘镇,广东省肇庆市高要区小湘镇
441204105,大湾镇,广东省肇庆市高要区大湾镇,广东省肇庆市高要区大湾镇
441204106,新桥镇,广东省肇庆市高要区新桥镇,广东省肇庆市高要区新桥镇
441204107,白诸镇,广东省肇庆市高要区白诸镇,广东省肇庆市高要区白诸镇
441204108,莲塘镇,广东省肇庆市高要区莲塘镇,广东省肇庆市高要区莲塘镇
441204109,活道镇,广东省肇庆市高要区活道镇,广东省肇庆市高要区活道镇
441204110,蛟塘镇,广东省肇庆市高要区蛟塘镇,广东省肇庆市高要区蛟塘镇
441204111,回龙镇,广东省肇庆市高要区回龙镇,广东省肇庆市高要区回龙镇
441204112,白土镇,广东省肇庆市高要区白土镇,广东省肇庆市高要区白土镇
441204113,金渡镇,广东省肇庆市高要区金渡镇,广东省肇庆市高要区金渡镇
441204114,金利镇,广东省肇庆市高要区金利镇,广东省肇庆市高要区金利镇
441204115,蚬岗镇,广东省肇庆市高要区蚬岗镇,广东省肇庆市高要区蚬岗镇
441204999,不详乡镇,广东省肇庆市高要区不详乡镇,广东省肇庆市高要区不详乡镇
441223000,广宁县,广东省肇庆市广宁县,广东省肇庆市广宁县
441223100,排沙镇,广东省肇庆市广宁县排沙镇,广东省肇庆市广宁县排沙镇
441223102,潭布镇,广东省肇庆市广宁县潭布镇,广东省肇庆市广宁县潭布镇
441223103,江屯镇,广东省肇庆市广宁县江屯镇,广东省肇庆市广宁县江屯镇
441223105,螺岗镇,广东省肇庆市广宁县螺岗镇,广东省肇庆市广宁县螺岗镇
441223106,北市镇,广东省肇庆市广宁县北市镇,广东省肇庆市广宁县北市镇
441223107,坑口镇,广东省肇庆市广宁县坑口镇,广东省肇庆市广宁县坑口镇
441223108,赤坑镇,广东省肇庆市广宁县赤坑镇,广东省肇庆市广宁县赤坑镇
441223109,南街镇,广东省肇庆市广宁县南街镇,广东省肇庆市广宁县南街镇
441223110,宾亨镇,广东省肇庆市广宁县宾亨镇,广东省肇庆市广宁县宾亨镇
441223111,五和镇,广东省肇庆市广宁县五和镇,广东省肇庆市广宁县五和镇
441223112,横山镇,广东省肇庆市广宁县横山镇,广东省肇庆市广宁县横山镇
441223113,木格镇,广东省肇庆市广宁县木格镇,广东省肇庆市广宁县木格镇
441223114,石咀镇,广东省肇庆市广宁县石咀镇,广东省肇庆市广宁县石咀镇
441223115,古水镇,广东省肇庆市广宁县古水镇,广东省肇庆市广宁县古水镇
441223116,洲仔镇,广东省肇庆市广宁县洲仔镇,广东省肇庆市广宁县洲仔镇
441223196,石涧镇,广东省肇庆市广宁县石涧镇,广东省肇庆市广宁县石涧镇
441223999,不详乡镇,广东省肇庆市广宁县不详乡镇,广东省肇庆市广宁县不详乡镇
441224000,怀集县,广东省肇庆市怀集县,广东省肇庆市怀集县
441224100,怀城镇,广东省肇庆市怀集县怀城镇,广东省肇庆市怀集县怀城镇
441224101,闸岗镇,广东省肇庆市怀集县闸岗镇,广东省肇庆市怀集县闸岗镇
441224102,坳仔镇,广东省肇庆市怀集县坳仔镇,广东省肇庆市怀集县坳仔镇
441224103,汶朗镇,广东省肇庆市怀集县汶朗镇,广东省肇庆市怀集县汶朗镇
441224104,甘洒镇,广东省肇庆市怀集县甘洒镇,广东省肇庆市怀集县甘洒镇
441224105,凤岗镇,广东省肇庆市怀集县凤岗镇,广东省肇庆市怀集县凤岗镇
441224106,洽水镇,广东省肇庆市怀集县洽水镇,广东省肇庆市怀集县洽水镇
441224107,梁村镇,广东省肇庆市怀集县梁村镇,广东省肇庆市怀集县梁村镇
441224108,大岗镇,广东省肇庆市怀集县大岗镇,广东省肇庆市怀集县大岗镇
441224109,岗坪镇,广东省肇庆市怀集县岗坪镇,广东省肇庆市怀集县岗坪镇
441224110,冷坑镇,广东省肇庆市怀集县冷坑镇,广东省肇庆市怀集县冷坑镇
441224111,马宁镇,广东省肇庆市怀集县马宁镇,广东省肇庆市怀集县马宁镇
441224112,蓝钟镇,广东省肇庆市怀集县蓝钟镇,广东省肇庆市怀集县蓝钟镇
441224113,永固镇,广东省肇庆市怀集县永固镇,广东省肇庆市怀集县永固镇
441224114,诗洞镇,广东省肇庆市怀集县诗洞镇,广东省肇庆市怀集县诗洞镇
441224115,桥头镇,广东省肇庆市怀集县桥头镇,广东省肇庆市怀集县桥头镇
441224116,中洲镇,广东省肇庆市怀集县中洲镇,广东省肇庆市怀集县中洲镇
441224118,连麦镇,广东省肇庆市怀集县连麦镇,广东省肇庆市怀集县连麦镇
441224200,下帅壮族瑶族乡,广东省肇庆市怀集县下帅壮族瑶族乡,广东省肇庆市怀集县下帅壮族瑶族乡
441224999,不详乡镇,广东省肇庆市怀集县不详乡镇,广东省肇庆市怀集县不详乡镇
441225000,封开县,广东省肇庆市封开县,广东省肇庆市封开县
441225100,江口镇,广东省肇庆市封开县江口镇,广东省肇庆市封开县江口镇
441225101,江川镇,广东省肇庆市封开县江川镇,广东省肇庆市封开县江川镇
441225102,白垢镇,广东省肇庆市封开县白垢镇,广东省肇庆市封开县白垢镇
441225103,大洲镇,广东省肇庆市封开县大洲镇,广东省肇庆市封开县大洲镇
441225104,渔涝镇,广东省肇庆市封开县渔涝镇,广东省肇庆市封开县渔涝镇
441225105,河儿口镇,广东省肇庆市封开县河儿口镇,广东省肇庆市封开县河儿口镇
441225106,莲都镇,广东省肇庆市封开县莲都镇,广东省肇庆市封开县莲都镇
441225107,杏花镇,广东省肇庆市封开县杏花镇,广东省肇庆市封开县杏花镇
441225108,罗董镇,广东省肇庆市封开县罗董镇,广东省肇庆市封开县罗董镇
441225109,长岗镇,广东省肇庆市封开县长岗镇,广东省肇庆市封开县长岗镇
441225110,平凤镇,广东省肇庆市封开县平凤镇,广东省肇庆市封开县平凤镇
441225111,南丰镇,广东省肇庆市封开县南丰镇,广东省肇庆市封开县南丰镇
441225112,大玉口镇,广东省肇庆市封开县大玉口镇,广东省肇庆市封开县大玉口镇
441225113,都平镇,广东省肇庆市封开县都平镇,广东省肇庆市封开县都平镇
441225114,金装镇,广东省肇庆市封开县金装镇,广东省肇庆市封开县金装镇
441225115,长安镇,广东省肇庆市封开县长安镇,广东省肇庆市封开县长安镇
441225999,不详乡镇,广东省肇庆市封开县不详乡镇,广东省肇庆市封开县不详乡镇
441226000,德庆县,广东省肇庆市德庆县,广东省肇庆市德庆县
441226001,德城街道,广东省肇庆市德庆县德城街道,广东省肇庆市德庆县德城街道
441226101,新圩镇,广东省肇庆市德庆县新圩镇,广东省肇庆市德庆县新圩镇
441226102,回龙镇,广东省肇庆市德庆县回龙镇,广东省肇庆市德庆县回龙镇
441226103,官圩镇,广东省肇庆市德庆县官圩镇,广东省肇庆市德庆县官圩镇
441226105,马圩镇,广东省肇庆市德庆县马圩镇,广东省肇庆市德庆县马圩镇
441226106,高良镇,广东省肇庆市德庆县高良镇,广东省肇庆市德庆县高良镇
441226107,莫村镇,广东省肇庆市德庆县莫村镇,广东省肇庆市德庆县莫村镇
441226109,永丰镇,广东省肇庆市德庆县永丰镇,广东省肇庆市德庆县永丰镇
441226110,武垄镇,广东省肇庆市德庆县武垄镇,广东省肇庆市德庆县武垄镇
441226111,播植镇,广东省肇庆市德庆县播植镇,广东省肇庆市德庆县播植镇
441226112,凤村镇,广东省肇庆市德庆县凤村镇,广东省肇庆市德庆县凤村镇
441226113,悦城镇,广东省肇庆市德庆县悦城镇,广东省肇庆市德庆县悦城镇
441226114,九市镇,广东省肇庆市德庆县九市镇,广东省肇庆市德庆县九市镇
441226999,不详乡镇,广东省肇庆市德庆县不详乡镇,广东省肇庆市德庆县不详乡镇
441284000,四会市,广东省肇庆市四会市,广东省肇庆市四会市
441284001,城中街道,广东省肇庆市四会市城中街道,广东省肇庆市四会市城中街道
441284002,东城街道,广东省肇庆市四会市东城街道,广东省肇庆市四会市东城街道
441284003,贞山街道,广东省肇庆市四会市贞山街道,广东省肇庆市四会市贞山街道
441284100,龙甫镇,广东省肇庆市四会市龙甫镇,广东省肇庆市四会市龙甫镇
441284101,地豆镇,广东省肇庆市四会市地豆镇,广东省肇庆市四会市地豆镇
441284102,威整镇,广东省肇庆市四会市威整镇,广东省肇庆市四会市威整镇
441284103,罗源镇,广东省肇庆市四会市罗源镇,广东省肇庆市四会市罗源镇
441284104,迳口镇,广东省肇庆市四会市迳口镇,广东省肇庆市四会市迳口镇
441284105,大沙镇,广东省肇庆市四会市大沙镇,广东省肇庆市四会市大沙镇
441284107,石狗镇,广东省肇庆市四会市石狗镇,广东省肇庆市四会市石狗镇
441284108,黄田镇,广东省肇庆市四会市黄田镇,广东省肇庆市四会市黄田镇
441284110,江谷镇,广东省肇庆市四会市江谷镇,广东省肇庆市四会市江谷镇
441284113,下茆镇,广东省肇庆市四会市下茆镇,广东省肇庆市四会市下茆镇
441284999,不详乡镇,广东省肇庆市四会市不详乡镇,广东省肇庆市四会市不详乡镇
441299000,不详县,广东省肇庆市不详县,广东省肇庆市不详县
441299999,不详乡镇,广东省肇庆市不详县不详乡镇,广东省肇庆市不详县不详乡镇
441300000,惠州市,广东省惠州市,广东省惠州市
441302000,惠城区,广东省惠州市惠城区,广东省惠州市惠城区
441302001,桥东街道,广东省惠州市惠城区桥东街道,广东省惠州市惠城区桥东街道
441302002,桥西街道,广东省惠州市惠城区桥西街道,广东省惠州市惠城区桥西街道
441302003,江南街道,广东省惠州市惠城区江南街道,广东省惠州市惠城区江南街道
441302004,江北街道,广东省惠州市惠城区江北街道,广东省惠州市惠城区江北街道
441302005,龙丰街道,广东省惠州市惠城区龙丰街道,广东省惠州市惠城区龙丰街道
441302006,小金口街道,广东省惠州市惠城区小金口街道,广东省惠州市惠城区小金口街道
441302008,河南岸街道,广东省惠州市惠城区河南岸街道,广东省惠州市惠城区河南岸街道
441302010,水口街道,广东省惠州市惠城区水口街道,广东省惠州市惠城区水口街道
441302094,陈江街道,广东省惠州市惠城区陈江街道,广东省惠州市惠城区陈江街道
441302096,惠环街道,广东省惠州市惠城区惠环街道,广东省惠州市惠城区惠环街道
441302100,汝湖镇,广东省惠州市惠城区汝湖镇,广东省惠州市惠城区汝湖镇
441302103,三栋镇,广东省惠州市惠城区三栋镇,广东省惠州市惠城区三栋镇
441302108,马安镇,广东省惠州市惠城区马安镇,广东省惠州市惠城区马安镇
441302110,横沥镇,广东省惠州市惠城区横沥镇,广东省惠州市惠城区横沥镇
441302113,芦洲镇,广东省惠州市惠城区芦洲镇,广东省惠州市惠城区芦洲镇
441302194,潼侨镇,广东省惠州市惠城区潼侨镇,广东省惠州市惠城区潼侨镇
441302195,潼湖镇,广东省惠州市惠城区潼湖镇,广东省惠州市惠城区潼湖镇
441302196,沥林镇,广东省惠州市惠城区沥林镇,广东省惠州市惠城区沥林镇
441302999,不详乡镇,广东省惠州市惠城区不详乡镇,广东省惠州市惠城区不详乡镇
441303000,惠阳区,广东省惠州市惠阳区,广东省惠州市惠阳区
441303001,淡水街道,广东省惠州市惠阳区淡水街道,广东省惠州市惠阳区淡水街道
441303002,秋长街道,广东省惠州市惠阳区秋长街道,广东省惠州市惠阳区秋长街道
441303101,沙田镇,广东省惠州市惠阳区沙田镇,广东省惠州市惠阳区沙田镇
441303103,新圩镇,广东省惠州市惠阳区新圩镇,广东省惠州市惠阳区新圩镇
441303104,镇隆镇,广东省惠州市惠阳区镇隆镇,广东省惠州市惠阳区镇隆镇
441303108,永湖镇,广东省惠州市惠阳区永湖镇,广东省惠州市惠阳区永湖镇
441303109,良井镇,广东省惠州市惠阳区良井镇,广东省惠州市惠阳区良井镇
441303110,平潭镇,广东省惠州市惠阳区平潭镇,广东省惠州市惠阳区平潭镇
441303999,不详乡镇,广东省惠州市惠阳区不详乡镇,广东省惠州市惠阳区不详乡镇
441322000,博罗县,广东省惠州市博罗县,广东省惠州市博罗县
441322001,罗阳街道,广东省惠州市博罗县罗阳街道,广东省惠州市博罗县罗阳街道
441322002,龙溪街道,广东省惠州市博罗县龙溪街道,广东省惠州市博罗县龙溪街道
441322100,石坝镇,广东省惠州市博罗县石坝镇,广东省惠州市博罗县石坝镇
441322102,麻陂镇,广东省惠州市博罗县麻陂镇,广东省惠州市博罗县麻陂镇
441322103,观音阁镇,广东省惠州市博罗县观音阁镇,广东省惠州市博罗县观音阁镇
441322104,公庄镇,广东省惠州市博罗县公庄镇,广东省惠州市博罗县公庄镇
441322105,杨村镇,广东省惠州市博罗县杨村镇,广东省惠州市博罗县杨村镇
441322106,柏塘镇,广东省惠州市博罗县柏塘镇,广东省惠州市博罗县柏塘镇
441322108,泰美镇,广东省惠州市博罗县泰美镇,广东省惠州市博罗县泰美镇
441322113,湖镇镇,广东省惠州市博罗县湖镇镇,广东省惠州市博罗县湖镇镇
441322115,长宁镇,广东省惠州市博罗县长宁镇,广东省惠州市博罗县长宁镇
441322116,福田镇,广东省惠州市博罗县福田镇,广东省惠州市博罗县福田镇
441322117,龙华镇,广东省惠州市博罗县龙华镇,广东省惠州市博罗县龙华镇
441322119,园洲镇,广东省惠州市博罗县园洲镇,广东省惠州市博罗县园洲镇
441322121,石湾镇,广东省惠州市博罗县石湾镇,广东省惠州市博罗县石湾镇
441322122,杨侨镇,广东省惠州市博罗县杨侨镇,广东省惠州市博罗县杨侨镇
441322123,横河镇,广东省惠州市博罗县横河镇,广东省惠州市博罗县横河镇
441322999,不详乡镇,广东省惠州市博罗县不详乡镇,广东省惠州市博罗县不详乡镇
441323000,惠东县,广东省惠州市惠东县,广东省惠州市惠东县
441323001,平山街道,广东省惠州市惠东县平山街道,广东省惠州市惠东县平山街道
441323002,大岭街道,广东省惠州市惠东县大岭街道,广东省惠州市惠东县大岭街道
441323102,白花镇,广东省惠州市惠东县白花镇,广东省惠州市惠东县白花镇
441323103,梁化镇,广东省惠州市惠东县梁化镇,广东省惠州市惠东县梁化镇
441323104,稔山镇,广东省惠州市惠东县稔山镇,广东省惠州市惠东县稔山镇
441323105,铁涌镇,广东省惠州市惠东县铁涌镇,广东省惠州市惠东县铁涌镇
441323106,平海镇,广东省惠州市惠东县平海镇,广东省惠州市惠东县平海镇
441323109,吉隆镇,广东省惠州市惠东县吉隆镇,广东省惠州市惠东县吉隆镇
441323113,多祝镇,广东省惠州市惠东县多祝镇,广东省惠州市惠东县多祝镇
441323115,安墩镇,广东省惠州市惠东县安墩镇,广东省惠州市惠东县安墩镇
441323118,高潭镇,广东省惠州市惠东县高潭镇,广东省惠州市惠东县高潭镇
441323120,宝口镇,广东省惠州市惠东县宝口镇,广东省惠州市惠东县宝口镇
441323121,白盆珠镇,广东省惠州市惠东县白盆珠镇,广东省惠州市惠东县白盆珠镇
441323124,黄埠镇,广东省惠州市惠东县黄埠镇,广东省惠州市惠东县黄埠镇
441323195,巽寮滨海旅游度假区,广东省惠州市惠东县巽寮滨海旅游度假区,广东省惠州市惠东县巽寮滨海旅游度假区
441323196,港口滨海旅游度假区管理委员会,广东省惠州市惠东县港口滨海旅游度假区管理委员会,广东省惠州市惠东县港口滨海旅游度假区管理委员会
441323999,不详乡镇,广东省惠州市惠东县不详乡镇,广东省惠州市惠东县不详乡镇
441324000,龙门县,广东省惠州市龙门县,广东省惠州市龙门县
441324001,龙城街道,广东省惠州市龙门县龙城街道,广东省惠州市龙门县龙城街道
441324002,平陵街道,广东省惠州市龙门县平陵街道,广东省惠州市龙门县平陵街道
441324100,麻榨镇,广东省惠州市龙门县麻榨镇,广东省惠州市龙门县麻榨镇
441324101,永汉镇,广东省惠州市龙门县永汉镇,广东省惠州市龙门县永汉镇
441324103,龙华镇,广东省惠州市龙门县龙华镇,广东省惠州市龙门县龙华镇
441324105,龙江镇,广东省惠州市龙门县龙江镇,广东省惠州市龙门县龙江镇
441324107,龙田镇,广东省惠州市龙门县龙田镇,广东省惠州市龙门县龙田镇
441324109,龙潭镇,广东省惠州市龙门县龙潭镇,广东省惠州市龙门县龙潭镇
441324110,地派镇,广东省惠州市龙门县地派镇,广东省惠州市龙门县地派镇
441324196,南昆山生态旅游区,广东省惠州市龙门县南昆山生态旅游区,广东省惠州市龙门县南昆山生态旅游区
441324200,蓝田瑶族乡,广东省惠州市龙门县蓝田瑶族乡,广东省惠州市龙门县蓝田瑶族乡
441324999,不详乡镇,广东省惠州市龙门县不详乡镇,广东省惠州市龙门县不详乡镇
441325000,大亚湾区,广东省惠州市大亚湾区,广东省惠州市大亚湾区
441325001,澳头街道办事处,广东省惠州市大亚湾区澳头街道办事处,广东省惠州市大亚湾区澳头街道办事处
441325002,西区街道办事处,广东省惠州市大亚湾区西区街道办事处,广东省惠州市大亚湾区西区街道办事处
441325003,霞涌街道办事处,广东省惠州市大亚湾区霞涌街道办事处,广东省惠州市大亚湾区霞涌街道办事处
441325999,不详乡镇,广东省惠州市大亚湾区不详乡镇,广东省惠州市大亚湾区不详乡镇
441399000,不详县,广东省惠州市不详县,广东省惠州市不详县
441399999,不详乡镇,广东省惠州市不详县不详乡镇,广东省惠州市不详县不详乡镇
441400000,梅州市,广东省梅州市,广东省梅州市
441402000,梅江区,广东省梅州市梅江区,广东省梅州市梅江区
441402004,江南街道,广东省梅州市梅江区江南街道,广东省梅州市梅江区江南街道
441402006,金山街道,广东省梅州市梅江区金山街道,广东省梅州市梅江区金山街道
441402007,西郊街道,广东省梅州市梅江区西郊街道,广东省梅州市梅江区西郊街道
441402102,三角镇,广东省梅州市梅江区三角镇,广东省梅州市梅江区三角镇
441402103,长沙镇,广东省梅州市梅江区长沙镇,广东省梅州市梅江区长沙镇
441402105,城北镇,广东省梅州市梅江区城北镇,广东省梅州市梅江区城北镇
441402106,西阳镇,广东省梅州市梅江区西阳镇,广东省梅州市梅江区西阳镇
441402999,不详乡镇,广东省梅州市梅江区不详乡镇,广东省梅州市梅江区不详乡镇
441403000,梅县区,广东省梅州市梅县区,广东省梅州市梅县区
441403096,新城,广东省梅州市梅县区新城,广东省梅州市梅县区新城
441403100,松口镇,广东省梅州市梅县区松口镇,广东省梅州市梅县区松口镇
441403101,城东镇,广东省梅州市梅县区城东镇,广东省梅州市梅县区城东镇
441403102,石扇镇,广东省梅州市梅县区石扇镇,广东省梅州市梅县区石扇镇
441403103,梅西镇,广东省梅州市梅县区梅西镇,广东省梅州市梅县区梅西镇
441403104,大坪镇,广东省梅州市梅县区大坪镇,广东省梅州市梅县区大坪镇
441403105,石坑镇,广东省梅州市梅县区石坑镇,广东省梅州市梅县区石坑镇
441403106,南口镇,广东省梅州市梅县区南口镇,广东省梅州市梅县区南口镇
441403107,畲江镇,广东省梅州市梅县区畲江镇,广东省梅州市梅县区畲江镇
441403108,水车镇,广东省梅州市梅县区水车镇,广东省梅州市梅县区水车镇
441403109,梅南镇,广东省梅州市梅县区梅南镇,广东省梅州市梅县区梅南镇
441403110,丙村镇,广东省梅州市梅县区丙村镇,广东省梅州市梅县区丙村镇
441403111,雁洋镇,广东省梅州市梅县区雁洋镇,广东省梅州市梅县区雁洋镇
441403112,白渡镇,广东省梅州市梅县区白渡镇,广东省梅州市梅县区白渡镇
441403113,松源镇,广东省梅州市梅县区松源镇,广东省梅州市梅县区松源镇
441403114,隆文镇,广东省梅州市梅县区隆文镇,广东省梅州市梅县区隆文镇
441403115,桃尧镇,广东省梅州市梅县区桃尧镇,广东省梅州市梅县区桃尧镇
441403116,程江镇,广东省梅州市梅县区程江镇,广东省梅州市梅县区程江镇
441403196,扶大镇,广东省梅州市梅县区扶大镇,广东省梅州市梅县区扶大镇
441403999,不详乡镇,广东省梅州市梅县区不详乡镇,广东省梅州市梅县区不详乡镇
441422000,大埔县,广东省梅州市大埔县,广东省梅州市大埔县
441422100,湖寮镇,广东省梅州市大埔县湖寮镇,广东省梅州市大埔县湖寮镇
441422101,茶阳镇,广东省梅州市大埔县茶阳镇,广东省梅州市大埔县茶阳镇
441422102,高陂镇,广东省梅州市大埔县高陂镇,广东省梅州市大埔县高陂镇
441422103,青溪镇,广东省梅州市大埔县青溪镇,广东省梅州市大埔县青溪镇
441422105,三河镇,广东省梅州市大埔县三河镇,广东省梅州市大埔县三河镇
441422107,大麻镇,广东省梅州市大埔县大麻镇,广东省梅州市大埔县大麻镇
441422108,银江镇,广东省梅州市大埔县银江镇,广东省梅州市大埔县银江镇
441422109,洲瑞镇,广东省梅州市大埔县洲瑞镇,广东省梅州市大埔县洲瑞镇
441422112,光德镇,广东省梅州市大埔县光德镇,广东省梅州市大埔县光德镇
441422113,桃源镇,广东省梅州市大埔县桃源镇,广东省梅州市大埔县桃源镇
441422114,枫朗镇,广东省梅州市大埔县枫朗镇,广东省梅州市大埔县枫朗镇
441422116,百侯镇,广东省梅州市大埔县百侯镇,广东省梅州市大埔县百侯镇
441422117,大东镇,广东省梅州市大埔县大东镇,广东省梅州市大埔县大东镇
441422118,西河镇,广东省梅州市大埔县西河镇,广东省梅州市大埔县西河镇
441422999,不详乡镇,广东省梅州市大埔县不详乡镇,广东省梅州市大埔县不详乡镇
441423000,丰顺县,广东省梅州市丰顺县,广东省梅州市丰顺县
441423100,汤坑镇,广东省梅州市丰顺县汤坑镇,广东省梅州市丰顺县汤坑镇
441423103,北斗镇,广东省梅州市丰顺县北斗镇,广东省梅州市丰顺县北斗镇
441423104,汤西镇,广东省梅州市丰顺县汤西镇,广东省梅州市丰顺县汤西镇
441423105,汤南镇,广东省梅州市丰顺县汤南镇,广东省梅州市丰顺县汤南镇
441423106,埔寨镇,广东省梅州市丰顺县埔寨镇,广东省梅州市丰顺县埔寨镇
441423108,八乡山镇,广东省梅州市丰顺县八乡山镇,广东省梅州市丰顺县八乡山镇
441423109,丰良镇,广东省梅州市丰顺县丰良镇,广东省梅州市丰顺县丰良镇
441423110,建桥镇,广东省梅州市丰顺县建桥镇,广东省梅州市丰顺县建桥镇
441423111,龙岗镇,广东省梅州市丰顺县龙岗镇,广东省梅州市丰顺县龙岗镇
441423112,潘田镇,广东省梅州市丰顺县潘田镇,广东省梅州市丰顺县潘田镇
441423114,黄金镇,广东省梅州市丰顺县黄金镇,广东省梅州市丰顺县黄金镇
441423115,留隍镇,广东省梅州市丰顺县留隍镇,广东省梅州市丰顺县留隍镇
441423118,大龙华镇,广东省梅州市丰顺县大龙华镇,广东省梅州市丰顺县大龙华镇
441423120,潭江镇,广东省梅州市丰顺县潭江镇,广东省梅州市丰顺县潭江镇
441423122,小胜镇,广东省梅州市丰顺县小胜镇,广东省梅州市丰顺县小胜镇
441423123,砂田镇,广东省梅州市丰顺县砂田镇,广东省梅州市丰顺县砂田镇
441423999,不详乡镇,广东省梅州市丰顺县不详乡镇,广东省梅州市丰顺县不详乡镇
441424000,五华县,广东省梅州市五华县,广东省梅州市五华县
441424100,水寨镇,广东省梅州市五华县水寨镇,广东省梅州市五华县水寨镇
441424101,河东镇,广东省梅州市五华县河东镇,广东省梅州市五华县河东镇
441424103,转水镇,广东省梅州市五华县转水镇,广东省梅州市五华县转水镇
441424104,华城镇,广东省梅州市五华县华城镇,广东省梅州市五华县华城镇
441424106,岐岭镇,广东省梅州市五华县岐岭镇,广东省梅州市五华县岐岭镇
441424108,潭下镇,广东省梅州市五华县潭下镇,广东省梅州市五华县潭下镇
441424109,长布镇,广东省梅州市五华县长布镇,广东省梅州市五华县长布镇
441424111,周江镇,广东省梅州市五华县周江镇,广东省梅州市五华县周江镇
441424113,横陂镇,广东省梅州市五华县横陂镇,广东省梅州市五华县横陂镇
441424117,郭田镇,广东省梅州市五华县郭田镇,广东省梅州市五华县郭田镇
441424118,双华镇,广东省梅州市五华县双华镇,广东省梅州市五华县双华镇
441424120,安流镇,广东省梅州市五华县安流镇,广东省梅州市五华县安流镇
441424123,棉洋镇,广东省梅州市五华县棉洋镇,广东省梅州市五华县棉洋镇
441424125,梅林镇,广东省梅州市五华县梅林镇,广东省梅州市五华县梅林镇
441424126,华阳镇,广东省梅州市五华县华阳镇,广东省梅州市五华县华阳镇
441424127,龙村镇,广东省梅州市五华县龙村镇,广东省梅州市五华县龙村镇
441424988,城区,广东省梅州市五华县城区,广东省梅州市五华县城区
441424999,不详乡镇,广东省梅州市五华县不详乡镇,广东省梅州市五华县不详乡镇
441426000,平远县,广东省梅州市平远县,广东省梅州市平远县
441426100,大柘镇,广东省梅州市平远县大柘镇,广东省梅州市平远县大柘镇
441426101,石正镇,广东省梅州市平远县石正镇,广东省梅州市平远县石正镇
441426102,东石镇,广东省梅州市平远县东石镇,广东省梅州市平远县东石镇
441426103,仁居镇,广东省梅州市平远县仁居镇,广东省梅州市平远县仁居镇
441426104,八尺镇,广东省梅州市平远县八尺镇,广东省梅州市平远县八尺镇
441426105,差干镇,广东省梅州市平远县差干镇,广东省梅州市平远县差干镇
441426107,河头镇,广东省梅州市平远县河头镇,广东省梅州市平远县河头镇
441426108,中行镇,广东省梅州市平远县中行镇,广东省梅州市平远县中行镇
441426109,上举镇,广东省梅州市平远县上举镇,广东省梅州市平远县上举镇
441426110,泗水镇,广东省梅州市平远县泗水镇,广东省梅州市平远县泗水镇
441426114,长田镇,广东省梅州市平远县长田镇,广东省梅州市平远县长田镇
441426115,热柘镇,广东省梅州市平远县热柘镇,广东省梅州市平远县热柘镇
441426999,不详乡镇,广东省梅州市平远县不详乡镇,广东省梅州市平远县不详乡镇
441427000,蕉岭县,广东省梅州市蕉岭县,广东省梅州市蕉岭县
441427100,蕉城镇,广东省梅州市蕉岭县蕉城镇,广东省梅州市蕉岭县蕉城镇
441427102,长潭镇,广东省梅州市蕉岭县长潭镇,广东省梅州市蕉岭县长潭镇
441427103,三圳镇,广东省梅州市蕉岭县三圳镇,广东省梅州市蕉岭县三圳镇
441427104,新铺镇,广东省梅州市蕉岭县新铺镇,广东省梅州市蕉岭县新铺镇
441427106,文福镇,广东省梅州市蕉岭县文福镇,广东省梅州市蕉岭县文福镇
441427107,广福镇,广东省梅州市蕉岭县广福镇,广东省梅州市蕉岭县广福镇
441427108,蓝坊镇,广东省梅州市蕉岭县蓝坊镇,广东省梅州市蕉岭县蓝坊镇
441427110,南礤镇,广东省梅州市蕉岭县南礤镇,广东省梅州市蕉岭县南礤镇
441427996,华侨场,广东省梅州市蕉岭县华侨场,广东省梅州市蕉岭县华侨场
441427999,不详乡镇,广东省梅州市蕉岭县不详乡镇,广东省梅州市蕉岭县不详乡镇
441481000,兴宁市,广东省梅州市兴宁市,广东省梅州市兴宁市
441481001,福兴街道,广东省梅州市兴宁市福兴街道,广东省梅州市兴宁市福兴街道
441481002,兴田街道,广东省梅州市兴宁市兴田街道,广东省梅州市兴宁市兴田街道
441481003,宁新街道,广东省梅州市兴宁市宁新街道,广东省梅州市兴宁市宁新街道
441481102,宁中镇,广东省梅州市兴宁市宁中镇,广东省梅州市兴宁市宁中镇
441481104,新陂镇,广东省梅州市兴宁市新陂镇,广东省梅州市兴宁市新陂镇
441481105,刁坊镇,广东省梅州市兴宁市刁坊镇,广东省梅州市兴宁市刁坊镇
441481107,永和镇,广东省梅州市兴宁市永和镇,广东省梅州市兴宁市永和镇
441481108,径南镇,广东省梅州市兴宁市径南镇,广东省梅州市兴宁市径南镇
441481110,坭陂镇,广东省梅州市兴宁市坭陂镇,广东省梅州市兴宁市坭陂镇
441481111,新圩镇,广东省梅州市兴宁市新圩镇,广东省梅州市兴宁市新圩镇
441481112,水口镇,广东省梅州市兴宁市水口镇,广东省梅州市兴宁市水口镇
441481115,罗浮镇,广东省梅州市兴宁市罗浮镇,广东省梅州市兴宁市罗浮镇
441481116,罗岗镇,广东省梅州市兴宁市罗岗镇,广东省梅州市兴宁市罗岗镇
441481117,黄槐镇,广东省梅州市兴宁市黄槐镇,广东省梅州市兴宁市黄槐镇
441481118,黄陂镇,广东省梅州市兴宁市黄陂镇,广东省梅州市兴宁市黄陂镇
441481122,合水镇,广东省梅州市兴宁市合水镇,广东省梅州市兴宁市合水镇
441481123,龙田镇,广东省梅州市兴宁市龙田镇,广东省梅州市兴宁市龙田镇
441481124,石马镇,广东省梅州市兴宁市石马镇,广东省梅州市兴宁市石马镇
441481125,大坪镇,广东省梅州市兴宁市大坪镇,广东省梅州市兴宁市大坪镇
441481126,叶塘镇,广东省梅州市兴宁市叶塘镇,广东省梅州市兴宁市叶塘镇
441481999,不详乡镇,广东省梅州市兴宁市不详乡镇,广东省梅州市兴宁市不详乡镇
441499000,不详县,广东省梅州市不详县,广东省梅州市不详县
441499999,不详乡镇,广东省梅州市不详县不详乡镇,广东省梅州市不详县不详乡镇
441500000,汕尾市,广东省汕尾市,广东省汕尾市
441502000,城区,广东省汕尾市城区,广东省汕尾市城区
441502001,新港街道,广东省汕尾市城区新港街道,广东省汕尾市城区新港街道
441502002,香洲街道,广东省汕尾市城区香洲街道,广东省汕尾市城区香洲街道
441502003,凤山街道,广东省汕尾市城区凤山街道,广东省汕尾市城区凤山街道
441502004,田乾街道,广东省汕尾市城区田乾街道,广东省汕尾市城区田乾街道
441502005,东洲街道,广东省汕尾市城区东洲街道,广东省汕尾市城区东洲街道
441502006,遮浪街道,广东省汕尾市城区遮浪街道,广东省汕尾市城区遮浪街道
441502007,马宫街道,广东省汕尾市城区马宫街道,广东省汕尾市城区马宫街道
441502100,红草镇,广东省汕尾市城区红草镇,广东省汕尾市城区红草镇
441502102,东涌镇,广东省汕尾市城区东涌镇,广东省汕尾市城区东涌镇
441502103,捷胜镇,广东省汕尾市城区捷胜镇,广东省汕尾市城区捷胜镇
441502999,不详乡镇,广东省汕尾市城区不详乡镇,广东省汕尾市城区不详乡镇
441521000,海丰县,广东省汕尾市海丰县,广东省汕尾市海丰县
441521100,海城镇,广东省汕尾市海丰县海城镇,广东省汕尾市海丰县海城镇
441521101,梅陇镇,广东省汕尾市海丰县梅陇镇,广东省汕尾市海丰县梅陇镇
441521102,小漠镇,广东省汕尾市海丰县小漠镇,广东省汕尾市海丰县小漠镇
441521103,鹅埠镇,广东省汕尾市海丰县鹅埠镇,广东省汕尾市海丰县鹅埠镇
441521104,赤石镇,广东省汕尾市海丰县赤石镇,广东省汕尾市海丰县赤石镇
441521105,鲘门镇,广东省汕尾市海丰县鲘门镇,广东省汕尾市海丰县鲘门镇
441521106,联安镇,广东省汕尾市海丰县联安镇,广东省汕尾市海丰县联安镇
441521107,陶河镇,广东省汕尾市海丰县陶河镇,广东省汕尾市海丰县陶河镇
441521108,赤坑镇,广东省汕尾市海丰县赤坑镇,广东省汕尾市海丰县赤坑镇
441521109,大湖镇,广东省汕尾市海丰县大湖镇,广东省汕尾市海丰县大湖镇
441521110,可塘镇,广东省汕尾市海丰县可塘镇,广东省汕尾市海丰县可塘镇
441521111,公平镇,广东省汕尾市海丰县公平镇,广东省汕尾市海丰县公平镇
441521112,黄羌镇,广东省汕尾市海丰县黄羌镇,广东省汕尾市海丰县黄羌镇
441521113,平东镇,广东省汕尾市海丰县平东镇,广东省汕尾市海丰县平东镇
441521114,附城镇,广东省汕尾市海丰县附城镇,广东省汕尾市海丰县附城镇
441521115,城东镇,广东省汕尾市海丰县城东镇,广东省汕尾市海丰县城东镇
441521402,梅陇农场,广东省汕尾市海丰县梅陇农场,广东省汕尾市海丰县梅陇农场
441521999,不详乡镇,广东省汕尾市海丰县不详乡镇,广东省汕尾市海丰县不详乡镇
441523000,陆河县,广东省汕尾市陆河县,广东省汕尾市陆河县
441523100,河田镇,广东省汕尾市陆河县河田镇,广东省汕尾市陆河县河田镇
441523101,水唇镇,广东省汕尾市陆河县水唇镇,广东省汕尾市陆河县水唇镇
441523102,河口镇,广东省汕尾市陆河县河口镇,广东省汕尾市陆河县河口镇
441523103,新田镇,广东省汕尾市陆河县新田镇,广东省汕尾市陆河县新田镇
441523104,上护镇,广东省汕尾市陆河县上护镇,广东省汕尾市陆河县上护镇
441523105,螺溪镇,广东省汕尾市陆河县螺溪镇,广东省汕尾市陆河县螺溪镇
441523106,东坑镇,广东省汕尾市陆河县东坑镇,广东省汕尾市陆河县东坑镇
441523107,南万镇,广东省汕尾市陆河县南万镇,广东省汕尾市陆河县南万镇
441523999,不详乡镇,广东省汕尾市陆河县不详乡镇,广东省汕尾市陆河县不详乡镇
441581000,陆丰市,广东省汕尾市陆丰市,广东省汕尾市陆丰市
441581001,东海街道,广东省汕尾市陆丰市东海街道,广东省汕尾市陆丰市东海街道
441581002,城东街道,广东省汕尾市陆丰市城东街道,广东省汕尾市陆丰市城东街道
441581003,河西街道,广东省汕尾市陆丰市河西街道,广东省汕尾市陆丰市河西街道
441581101,甲子镇,广东省汕尾市陆丰市甲子镇,广东省汕尾市陆丰市甲子镇
441581102,碣石镇,广东省汕尾市陆丰市碣石镇,广东省汕尾市陆丰市碣石镇
441581103,湖东镇,广东省汕尾市陆丰市湖东镇,广东省汕尾市陆丰市湖东镇
441581104,大安镇,广东省汕尾市陆丰市大安镇,广东省汕尾市陆丰市大安镇
441581105,博美镇,广东省汕尾市陆丰市博美镇,广东省汕尾市陆丰市博美镇
441581106,内湖镇,广东省汕尾市陆丰市内湖镇,广东省汕尾市陆丰市内湖镇
441581107,南塘镇,广东省汕尾市陆丰市南塘镇,广东省汕尾市陆丰市南塘镇
441581108,陂洋镇,广东省汕尾市陆丰市陂洋镇,广东省汕尾市陆丰市陂洋镇
441581109,八万镇,广东省汕尾市陆丰市八万镇,广东省汕尾市陆丰市八万镇
441581110,金厢镇,广东省汕尾市陆丰市金厢镇,广东省汕尾市陆丰市金厢镇
441581111,潭西镇,广东省汕尾市陆丰市潭西镇,广东省汕尾市陆丰市潭西镇
441581112,甲东镇,广东省汕尾市陆丰市甲东镇,广东省汕尾市陆丰市甲东镇
441581115,河东镇,广东省汕尾市陆丰市河东镇,广东省汕尾市陆丰市河东镇
441581116,上英镇,广东省汕尾市陆丰市上英镇,广东省汕尾市陆丰市上英镇
441581117,桥冲镇,广东省汕尾市陆丰市桥冲镇,广东省汕尾市陆丰市桥冲镇
441581118,甲西镇,广东省汕尾市陆丰市甲西镇,广东省汕尾市陆丰市甲西镇
441581119,西南镇,广东省汕尾市陆丰市西南镇,广东省汕尾市陆丰市西南镇
441581402,华侨管理区,广东省汕尾市陆丰市华侨管理区,广东省汕尾市陆丰市华侨管理区
441581999,不详乡镇,广东省汕尾市陆丰市不详乡镇,广东省汕尾市陆丰市不详乡镇
441599000,不详县,广东省汕尾市不详县,广东省汕尾市不详县
441599999,不详乡镇,广东省汕尾市不详县不详乡镇,广东省汕尾市不详县不详乡镇
441600000,河源市,广东省河源市,广东省河源市
441602000,源城区,广东省河源市源城区,广东省河源市源城区
441602001,上城街道,广东省河源市源城区上城街道,广东省河源市源城区上城街道
441602002,新江街道,广东省河源市源城区新江街道,广东省河源市源城区新江街道
441602003,东埔街道,广东省河源市源城区东埔街道,广东省河源市源城区东埔街道
441602004,源西街道,广东省河源市源城区源西街道,广东省河源市源城区源西街道
441602005,高埔岗街道,广东省河源市源城区高埔岗街道,广东省河源市源城区高埔岗街道
441602100,源南镇,广东省河源市源城区源南镇,广东省河源市源城区源南镇
441602101,埔前镇,广东省河源市源城区埔前镇,广东省河源市源城区埔前镇
441602999,不详乡镇,广东省河源市源城区不详乡镇,广东省河源市源城区不详乡镇
441621000,紫金县,广东省河源市紫金县,广东省河源市紫金县
441621100,紫城镇,广东省河源市紫金县紫城镇,广东省河源市紫金县紫城镇
441621102,龙窝镇,广东省河源市紫金县龙窝镇,广东省河源市紫金县龙窝镇
441621103,九和镇,广东省河源市紫金县九和镇,广东省河源市紫金县九和镇
441621104,上义镇,广东省河源市紫金县上义镇,广东省河源市紫金县上义镇
441621105,蓝塘镇,广东省河源市紫金县蓝塘镇,广东省河源市紫金县蓝塘镇
441621106,凤安镇,广东省河源市紫金县凤安镇,广东省河源市紫金县凤安镇
441621107,义容镇,广东省河源市紫金县义容镇,广东省河源市紫金县义容镇
441621110,柏埔镇,广东省河源市紫金县柏埔镇,广东省河源市紫金县柏埔镇
441621111,黄塘镇,广东省河源市紫金县黄塘镇,广东省河源市紫金县黄塘镇
441621112,敬梓镇,广东省河源市紫金县敬梓镇,广东省河源市紫金县敬梓镇
441621114,水墩镇,广东省河源市紫金县水墩镇,广东省河源市紫金县水墩镇
441621116,南岭镇,广东省河源市紫金县南岭镇,广东省河源市紫金县南岭镇
441621117,苏区镇,广东省河源市紫金县苏区镇,广东省河源市紫金县苏区镇
441621119,瓦溪镇,广东省河源市紫金县瓦溪镇,广东省河源市紫金县瓦溪镇
441621120,好义镇,广东省河源市紫金县好义镇,广东省河源市紫金县好义镇
441621122,中坝镇,广东省河源市紫金县中坝镇,广东省河源市紫金县中坝镇
441621999,不详乡镇,广东省河源市紫金县不详乡镇,广东省河源市紫金县不详乡镇
441622000,龙川县,广东省河源市龙川县,广东省河源市龙川县
441622100,老隆镇,广东省河源市龙川县老隆镇,广东省河源市龙川县老隆镇
441622102,义都镇,广东省河源市龙川县义都镇,广东省河源市龙川县义都镇
441622103,佗城镇,广东省河源市龙川县佗城镇,广东省河源市龙川县佗城镇
441622104,鹤市镇,广东省河源市龙川县鹤市镇,广东省河源市龙川县鹤市镇
441622105,黄布镇,广东省河源市龙川县黄布镇,广东省河源市龙川县黄布镇
441622106,紫市镇,广东省河源市龙川县紫市镇,广东省河源市龙川县紫市镇
441622107,通衢镇,广东省河源市龙川县通衢镇,广东省河源市龙川县通衢镇
441622109,登云镇,广东省河源市龙川县登云镇,广东省河源市龙川县登云镇
441622110,丰稔镇,广东省河源市龙川县丰稔镇,广东省河源市龙川县丰稔镇
441622111,四都镇,广东省河源市龙川县四都镇,广东省河源市龙川县四都镇
441622112,铁场镇,广东省河源市龙川县铁场镇,广东省河源市龙川县铁场镇
441622114,龙母镇,广东省河源市龙川县龙母镇,广东省河源市龙川县龙母镇
441622115,田心镇,广东省河源市龙川县田心镇,广东省河源市龙川县田心镇
441622116,黎咀镇,广东省河源市龙川县黎咀镇,广东省河源市龙川县黎咀镇
441622117,黄石镇,广东省河源市龙川县黄石镇,广东省河源市龙川县黄石镇
441622118,赤光镇,广东省河源市龙川县赤光镇,广东省河源市龙川县赤光镇
441622119,回龙镇,广东省河源市龙川县回龙镇,广东省河源市龙川县回龙镇
441622120,新田镇,广东省河源市龙川县新田镇,广东省河源市龙川县新田镇
441622121,车田镇,广东省河源市龙川县车田镇,广东省河源市龙川县车田镇
441622123,岩镇镇,广东省河源市龙川县岩镇镇,广东省河源市龙川县岩镇镇
441622124,麻布岗镇,广东省河源市龙川县麻布岗镇,广东省河源市龙川县麻布岗镇
441622125,贝岭镇,广东省河源市龙川县贝岭镇,广东省河源市龙川县贝岭镇
441622126,细坳镇,广东省河源市龙川县细坳镇,广东省河源市龙川县细坳镇
441622127,上坪镇,广东省河源市龙川县上坪镇,广东省河源市龙川县上坪镇
441622999,不详乡镇,广东省河源市龙川县不详乡镇,广东省河源市龙川县不详乡镇
441623000,连平县,广东省河源市连平县,广东省河源市连平县
441623100,元善镇,广东省河源市连平县元善镇,广东省河源市连平县元善镇
441623101,上坪镇,广东省河源市连平县上坪镇,广东省河源市连平县上坪镇
441623102,内莞镇,广东省河源市连平县内莞镇,广东省河源市连平县内莞镇
441623104,陂头镇,广东省河源市连平县陂头镇,广东省河源市连平县陂头镇
441623105,溪山镇,广东省河源市连平县溪山镇,广东省河源市连平县溪山镇
441623107,隆街镇,广东省河源市连平县隆街镇,广东省河源市连平县隆街镇
441623108,田源镇,广东省河源市连平县田源镇,广东省河源市连平县田源镇
441623109,油溪镇,广东省河源市连平县油溪镇,广东省河源市连平县油溪镇
441623110,忠信镇,广东省河源市连平县忠信镇,广东省河源市连平县忠信镇
441623111,高莞镇,广东省河源市连平县高莞镇,广东省河源市连平县高莞镇
441623113,大湖镇,广东省河源市连平县大湖镇,广东省河源市连平县大湖镇
441623114,三角镇,广东省河源市连平县三角镇,广东省河源市连平县三角镇
441623115,绣缎镇,广东省河源市连平县绣缎镇,广东省河源市连平县绣缎镇
441623999,不详乡镇,广东省河源市连平县不详乡镇,广东省河源市连平县不详乡镇
441624000,和平县,广东省河源市和平县,广东省河源市和平县
441624100,阳明镇,广东省河源市和平县阳明镇,广东省河源市和平县阳明镇
441624102,大坝镇,广东省河源市和平县大坝镇,广东省河源市和平县大坝镇
441624103,长塘镇,广东省河源市和平县长塘镇,广东省河源市和平县长塘镇
441624104,下车镇,广东省河源市和平县下车镇,广东省河源市和平县下车镇
441624105,上陵镇,广东省河源市和平县上陵镇,广东省河源市和平县上陵镇
441624106,优胜镇,广东省河源市和平县优胜镇,广东省河源市和平县优胜镇
441624107,贝墩镇,广东省河源市和平县贝墩镇,广东省河源市和平县贝墩镇
441624108,古寨镇,广东省河源市和平县古寨镇,广东省河源市和平县古寨镇
441624110,彭寨镇,广东省河源市和平县彭寨镇,广东省河源市和平县彭寨镇
441624112,合水镇,广东省河源市和平县合水镇,广东省河源市和平县合水镇
441624113,公白镇,广东省河源市和平县公白镇,广东省河源市和平县公白镇
441624114,青州镇,广东省河源市和平县青州镇,广东省河源市和平县青州镇
441624115,浰源镇,广东省河源市和平县浰源镇,广东省河源市和平县浰源镇
441624116,热水镇,广东省河源市和平县热水镇,广东省河源市和平县热水镇
441624117,东水镇,广东省河源市和平县东水镇,广东省河源市和平县东水镇
441624118,礼士镇,广东省河源市和平县礼士镇,广东省河源市和平县礼士镇
441624119,林寨镇,广东省河源市和平县林寨镇,广东省河源市和平县林寨镇
441624999,不详乡镇,广东省河源市和平县不详乡镇,广东省河源市和平县不详乡镇
441625000,东源县,广东省河源市东源县,广东省河源市东源县
441625100,仙塘镇,广东省河源市东源县仙塘镇,广东省河源市东源县仙塘镇
441625101,灯塔镇,广东省河源市东源县灯塔镇,广东省河源市东源县灯塔镇
441625102,骆湖镇,广东省河源市东源县骆湖镇,广东省河源市东源县骆湖镇
441625103,船塘镇,广东省河源市东源县船塘镇,广东省河源市东源县船塘镇
441625104,顺天镇,广东省河源市东源县顺天镇,广东省河源市东源县顺天镇
441625105,上莞镇,广东省河源市东源县上莞镇,广东省河源市东源县上莞镇
441625106,曾田镇,广东省河源市东源县曾田镇,广东省河源市东源县曾田镇
441625107,柳城镇,广东省河源市东源县柳城镇,广东省河源市东源县柳城镇
441625108,义合镇,广东省河源市东源县义合镇,广东省河源市东源县义合镇
441625109,蓝口镇,广东省河源市东源县蓝口镇,广东省河源市东源县蓝口镇
441625110,黄田镇,广东省河源市东源县黄田镇,广东省河源市东源县黄田镇
441625111,叶潭镇,广东省河源市东源县叶潭镇,广东省河源市东源县叶潭镇
441625112,黄村镇,广东省河源市东源县黄村镇,广东省河源市东源县黄村镇
441625113,康禾镇,广东省河源市东源县康禾镇,广东省河源市东源县康禾镇
441625114,锡场镇,广东省河源市东源县锡场镇,广东省河源市东源县锡场镇
441625115,新港镇,广东省河源市东源县新港镇,广东省河源市东源县新港镇
441625116,双江镇,广东省河源市东源县双江镇,广东省河源市东源县双江镇
441625117,涧头镇,广东省河源市东源县涧头镇,广东省河源市东源县涧头镇
441625121,新回龙镇,广东省河源市东源县新回龙镇,广东省河源市东源县新回龙镇
441625122,半江镇,广东省河源市东源县半江镇,广东省河源市东源县半江镇
441625196,县城,广东省河源市东源县县城,广东省河源市东源县县城
441625200,漳溪畲族乡,广东省河源市东源县漳溪畲族乡,广东省河源市东源县漳溪畲族乡
441625999,不详乡镇,广东省河源市东源县不详乡镇,广东省河源市东源县不详乡镇
441690000,江东新区,广东省河源市江东新区,广东省河源市江东新区
441690001,城东街道,广东省河源市江东新区城东街道,广东省河源市江东新区城东街道
441690100,古竹镇,广东省河源市江东新区古竹镇,广东省河源市江东新区古竹镇
441690101,临江镇,广东省河源市江东新区临江镇,广东省河源市江东新区临江镇
441699000,不详县,广东省河源市不详县,广东省河源市不详县
441699999,不详乡镇,广东省河源市不详县不详乡镇,广东省河源市不详县不详乡镇
441700000,阳江市,广东省阳江市,广东省阳江市
441702000,江城区,广东省阳江市江城区,广东省阳江市江城区
441702001,南恩街道,广东省阳江市江城区南恩街道,广东省阳江市江城区南恩街道
441702002,城南街道,广东省阳江市江城区城南街道,广东省阳江市江城区城南街道
441702005,中洲街道,广东省阳江市江城区中洲街道,广东省阳江市江城区中洲街道
441702006,城东街道,广东省阳江市江城区城东街道,广东省阳江市江城区城东街道
441702007,城北街道,广东省阳江市江城区城北街道,广东省阳江市江城区城北街道
441702008,白沙街道,广东省阳江市江城区白沙街道,广东省阳江市江城区白沙街道
441702009,岗列街道,广东省阳江市江城区岗列街道,广东省阳江市江城区岗列街道
441702010,城西街道,广东省阳江市江城区城西街道,广东省阳江市江城区城西街道
441702102,埠场镇,广东省阳江市江城区埠场镇,广东省阳江市江城区埠场镇
441702103,平冈镇,广东省阳江市江城区平冈镇,广东省阳江市江城区平冈镇
441702105,闸坡镇,广东省阳江市江城区闸坡镇,广东省阳江市江城区闸坡镇
441702106,双捷镇,广东省阳江市江城区双捷镇,广东省阳江市江城区双捷镇
441702196,海陵镇,广东省阳江市江城区海陵镇,广东省阳江市江城区海陵镇
441702999,不详乡镇,广东省阳江市江城区不详乡镇,广东省阳江市江城区不详乡镇
441704000,阳东区,广东省阳江市阳东区,广东省阳江市阳东区
441704100,东城镇,广东省阳江市阳东区东城镇,广东省阳江市阳东区东城镇
441704101,北惯镇,广东省阳江市阳东区北惯镇,广东省阳江市阳东区北惯镇
441704102,那龙镇,广东省阳江市阳东区那龙镇,广东省阳江市阳东区那龙镇
441704103,东平镇,广东省阳江市阳东区东平镇,广东省阳江市阳东区东平镇
441704104,雅韶镇,广东省阳江市阳东区雅韶镇,广东省阳江市阳东区雅韶镇
441704105,大沟镇,广东省阳江市阳东区大沟镇,广东省阳江市阳东区大沟镇
441704106,新洲镇,广东省阳江市阳东区新洲镇,广东省阳江市阳东区新洲镇
441704107,合山镇,广东省阳江市阳东区合山镇,广东省阳江市阳东区合山镇
441704108,塘坪镇,广东省阳江市阳东区塘坪镇,广东省阳江市阳东区塘坪镇
441704109,大八镇,广东省阳江市阳东区大八镇,广东省阳江市阳东区大八镇
441704110,红丰镇,广东省阳江市阳东区红丰镇,广东省阳江市阳东区红丰镇
441704999,不详乡镇,广东省阳江市阳东区不详乡镇,广东省阳江市阳东区不详乡镇
441721000,阳西县,广东省阳江市阳西县,广东省阳江市阳西县
441721100,织篢镇,广东省阳江市阳西县织篢镇,广东省阳江市阳西县织篢镇
441721101,程村镇,广东省阳江市阳西县程村镇,广东省阳江市阳西县程村镇
441721102,塘口镇,广东省阳江市阳西县塘口镇,广东省阳江市阳西县塘口镇
441721103,上洋镇,广东省阳江市阳西县上洋镇,广东省阳江市阳西县上洋镇
441721104,溪头镇,广东省阳江市阳西县溪头镇,广东省阳江市阳西县溪头镇
441721106,儒洞镇,广东省阳江市阳西县儒洞镇,广东省阳江市阳西县儒洞镇
441721107,新圩镇,广东省阳江市阳西县新圩镇,广东省阳江市阳西县新圩镇
441721108,沙扒镇,广东省阳江市阳西县沙扒镇,广东省阳江市阳西县沙扒镇
441721999,不详乡镇,广东省阳江市阳西县不详乡镇,广东省阳江市阳西县不详乡镇
441781000,阳春市,广东省阳江市阳春市,广东省阳江市阳春市
441781001,春城街道,广东省阳江市阳春市春城街道,广东省阳江市阳春市春城街道
441781002,河西街道,广东省阳江市阳春市河西街道,广东省阳江市阳春市河西街道
441781101,河朗镇,广东省阳江市阳春市河朗镇,广东省阳江市阳春市河朗镇
441781102,松柏镇,广东省阳江市阳春市松柏镇,广东省阳江市阳春市松柏镇
441781103,石望镇,广东省阳江市阳春市石望镇,广东省阳江市阳春市石望镇
441781105,春湾镇,广东省阳江市阳春市春湾镇,广东省阳江市阳春市春湾镇
441781106,合水镇,广东省阳江市阳春市合水镇,广东省阳江市阳春市合水镇
441781107,陂面镇,广东省阳江市阳春市陂面镇,广东省阳江市阳春市陂面镇
441781108,圭岗镇,广东省阳江市阳春市圭岗镇,广东省阳江市阳春市圭岗镇
441781109,永宁镇,广东省阳江市阳春市永宁镇,广东省阳江市阳春市永宁镇
441781110,马水镇,广东省阳江市阳春市马水镇,广东省阳江市阳春市马水镇
441781111,岗美镇,广东省阳江市阳春市岗美镇,广东省阳江市阳春市岗美镇
441781112,河口镇,广东省阳江市阳春市河口镇,广东省阳江市阳春市河口镇
441781113,潭水镇,广东省阳江市阳春市潭水镇,广东省阳江市阳春市潭水镇
441781114,三甲镇,广东省阳江市阳春市三甲镇,广东省阳江市阳春市三甲镇
441781117,八甲镇,广东省阳江市阳春市八甲镇,广东省阳江市阳春市八甲镇
441781196,双滘镇,广东省阳江市阳春市双滘镇,广东省阳江市阳春市双滘镇
441781999,不详乡镇,广东省阳江市阳春市不详乡镇,广东省阳江市阳春市不详乡镇
441799000,不详县,广东省阳江市不详县,广东省阳江市不详县
441799999,不详乡镇,广东省阳江市不详县不详乡镇,广东省阳江市不详县不详乡镇
441800000,清远市,广东省清远市,广东省清远市
441802000,清城区,广东省清远市清城区,广东省清远市清城区
441802001,凤城街道,广东省清远市清城区凤城街道,广东省清远市清城区凤城街道
441802002,东城街道,广东省清远市清城区东城街道,广东省清远市清城区东城街道
441802003,洲心街道,广东省清远市清城区洲心街道,广东省清远市清城区洲心街道
441802004,横荷街道,广东省清远市清城区横荷街道,广东省清远市清城区横荷街道
441802100,源潭镇,广东省清远市清城区源潭镇,广东省清远市清城区源潭镇
441802101,龙塘镇,广东省清远市清城区龙塘镇,广东省清远市清城区龙塘镇
441802102,石角镇,广东省清远市清城区石角镇,广东省清远市清城区石角镇
441802103,飞来峡镇,广东省清远市清城区飞来峡镇,广东省清远市清城区飞来峡镇
441802999,不详乡镇,广东省清远市清城区不详乡镇,广东省清远市清城区不详乡镇
441803000,清新区,广东省清远市清新区,广东省清远市清新区
441803102,太和镇,广东省清远市清新区太和镇,广东省清远市清新区太和镇
441803104,太平镇,广东省清远市清新区太平镇,广东省清远市清新区太平镇
441803105,山塘镇,广东省清远市清新区山塘镇,广东省清远市清新区山塘镇
441803106,三坑镇,广东省清远市清新区三坑镇,广东省清远市清新区三坑镇
441803112,龙颈镇,广东省清远市清新区龙颈镇,广东省清远市清新区龙颈镇
441803113,禾云镇,广东省清远市清新区禾云镇,广东省清远市清新区禾云镇
441803117,浸潭镇,广东省清远市清新区浸潭镇,广东省清远市清新区浸潭镇
441803118,石潭镇,广东省清远市清新区石潭镇,广东省清远市清新区石潭镇
441803999,不详乡镇,广东省清远市清新区不详乡镇,广东省清远市清新区不详乡镇
441821000,佛冈县,广东省清远市佛冈县,广东省清远市佛冈县
441821100,石角镇,广东省清远市佛冈县石角镇,广东省清远市佛冈县石角镇
441821101,水头镇,广东省清远市佛冈县水头镇,广东省清远市佛冈县水头镇
441821102,汤塘镇,广东省清远市佛冈县汤塘镇,广东省清远市佛冈县汤塘镇
441821103,龙山镇,广东省清远市佛冈县龙山镇,广东省清远市佛冈县龙山镇
441821104,高岗镇,广东省清远市佛冈县高岗镇,广东省清远市佛冈县高岗镇
441821107,迳头镇,广东省清远市佛冈县迳头镇,广东省清远市佛冈县迳头镇
441821196,县城,广东省清远市佛冈县县城,广东省清远市佛冈县县城
441821999,不详乡镇,广东省清远市佛冈县不详乡镇,广东省清远市佛冈县不详乡镇
441823000,阳山县,广东省清远市阳山县,广东省清远市阳山县
441823100,青莲镇,广东省清远市阳山县青莲镇,广东省清远市阳山县青莲镇
441823101,江英镇,广东省清远市阳山县江英镇,广东省清远市阳山县江英镇
441823104,杜步镇,广东省清远市阳山县杜步镇,广东省清远市阳山县杜步镇
441823105,七拱镇,广东省清远市阳山县七拱镇,广东省清远市阳山县七拱镇
441823107,太平镇,广东省清远市阳山县太平镇,广东省清远市阳山县太平镇
441823108,杨梅镇,广东省清远市阳山县杨梅镇,广东省清远市阳山县杨梅镇
441823110,大崀镇,广东省清远市阳山县大崀镇,广东省清远市阳山县大崀镇
441823111,小江镇,广东省清远市阳山县小江镇,广东省清远市阳山县小江镇
441823113,岭背镇,广东省清远市阳山县岭背镇,广东省清远市阳山县岭背镇
441823115,黄坌镇,广东省清远市阳山县黄坌镇,广东省清远市阳山县黄坌镇
441823116,黎埠镇,广东省清远市阳山县黎埠镇,广东省清远市阳山县黎埠镇
441823119,阳城镇,广东省清远市阳山县阳城镇,广东省清远市阳山县阳城镇
441823201,秤架瑶族乡,广东省清远市阳山县秤架瑶族乡,广东省清远市阳山县秤架瑶族乡
441823999,不详乡镇,广东省清远市阳山县不详乡镇,广东省清远市阳山县不详乡镇
441825000,连山壮族瑶族自治县,广东省清远市连山壮族瑶族自治县,广东省清远市连山壮族瑶族自治县
441825100,永和镇,广东省清远市连山壮族瑶族自治县永和镇,广东省清远市连山壮族瑶族自治县永和镇
441825104,吉田镇,广东省清远市连山壮族瑶族自治县吉田镇,广东省清远市连山壮族瑶族自治县吉田镇
441825105,太保镇,广东省清远市连山壮族瑶族自治县太保镇,广东省清远市连山壮族瑶族自治县太保镇
441825106,禾洞镇,广东省清远市连山壮族瑶族自治县禾洞镇,广东省清远市连山壮族瑶族自治县禾洞镇
441825108,福堂镇,广东省清远市连山壮族瑶族自治县福堂镇,广东省清远市连山壮族瑶族自治县福堂镇
441825109,小三江镇,广东省清远市连山壮族瑶族自治县小三江镇,广东省清远市连山壮族瑶族自治县小三江镇
441825111,上帅镇,广东省清远市连山壮族瑶族自治县上帅镇,广东省清远市连山壮族瑶族自治县上帅镇
441825999,不详乡镇,广东省清远市连山壮族瑶族自治县不详乡镇,广东省清远市连山壮族瑶族自治县不详乡镇
441826000,连南瑶族自治县,广东省清远市连南瑶族自治县,广东省清远市连南瑶族自治县
441826100,三江镇,广东省清远市连南瑶族自治县三江镇,广东省清远市连南瑶族自治县三江镇
441826101,大麦山镇,广东省清远市连南瑶族自治县大麦山镇,广东省清远市连南瑶族自治县大麦山镇
441826102,寨岗镇,广东省清远市连南瑶族自治县寨岗镇,广东省清远市连南瑶族自治县寨岗镇
441826105,三排镇,广东省清远市连南瑶族自治县三排镇,广东省清远市连南瑶族自治县三排镇
441826106,涡水镇,广东省清远市连南瑶族自治县涡水镇,广东省清远市连南瑶族自治县涡水镇
441826108,大坪镇,广东省清远市连南瑶族自治县大坪镇,广东省清远市连南瑶族自治县大坪镇
441826109,香坪镇,广东省清远市连南瑶族自治县香坪镇,广东省清远市连南瑶族自治县香坪镇
441826999,不详乡镇,广东省清远市连南瑶族自治县不详乡镇,广东省清远市连南瑶族自治县不详乡镇
441881000,英德市,广东省清远市英德市,广东省清远市英德市
441881001,英城街道,广东省清远市英德市英城街道,广东省清远市英德市英城街道
441881101,沙口镇,广东省清远市英德市沙口镇,广东省清远市英德市沙口镇
441881102,望埠镇,广东省清远市英德市望埠镇,广东省清远市英德市望埠镇
441881103,横石水镇,广东省清远市英德市横石水镇,广东省清远市英德市横石水镇
441881104,东华镇,广东省清远市英德市东华镇,广东省清远市英德市东华镇
441881105,桥头镇,广东省清远市英德市桥头镇,广东省清远市英德市桥头镇
441881106,青塘镇,广东省清远市英德市青塘镇,广东省清远市英德市青塘镇
441881108,白沙镇,广东省清远市英德市白沙镇,广东省清远市英德市白沙镇
441881109,大站镇,广东省清远市英德市大站镇,广东省清远市英德市大站镇
441881110,西牛镇,广东省清远市英德市西牛镇,广东省清远市英德市西牛镇
441881111,九龙镇,广东省清远市英德市九龙镇,广东省清远市英德市九龙镇
441881114,大湾镇,广东省清远市英德市大湾镇,广东省清远市英德市大湾镇
441881115,石灰铺镇,广东省清远市英德市石灰铺镇,广东省清远市英德市石灰铺镇
441881116,石牯塘镇,广东省清远市英德市石牯塘镇,广东省清远市英德市石牯塘镇
441881121,黄花镇,广东省清远市英德市黄花镇,广东省清远市英德市黄花镇
441881124,波罗镇,广东省清远市英德市波罗镇,广东省清远市英德市波罗镇
441881125,横石塘镇,广东省清远市英德市横石塘镇,广东省清远市英德市横石塘镇
441881126,大洞镇,广东省清远市英德市大洞镇,广东省清远市英德市大洞镇
441881129,连江口镇,广东省清远市英德市连江口镇,广东省清远市英德市连江口镇
441881130,黎溪镇,广东省清远市英德市黎溪镇,广东省清远市英德市黎溪镇
441881131,水边镇,广东省清远市英德市水边镇,广东省清远市英德市水边镇
441881132,英红镇,广东省清远市英德市英红镇,广东省清远市英德市英红镇
441881195,浛洸镇,广东省清远市英德市浛洸镇,广东省清远市英德市浛洸镇
441881196,下呔镇,广东省清远市英德市下呔镇,广东省清远市英德市下呔镇
441881999,不详乡镇,广东省清远市英德市不详乡镇,广东省清远市英德市不详乡镇
441882000,连州市,广东省清远市连州市,广东省清远市连州市
441882100,连州镇,广东省清远市连州市连州镇,广东省清远市连州市连州镇
441882101,星子镇,广东省清远市连州市星子镇,广东省清远市连州市星子镇
441882102,大路边镇,广东省清远市连州市大路边镇,广东省清远市连州市大路边镇
441882103,龙坪镇,广东省清远市连州市龙坪镇,广东省清远市连州市龙坪镇
441882104,西岸镇,广东省清远市连州市西岸镇,广东省清远市连州市西岸镇
441882105,保安镇,广东省清远市连州市保安镇,广东省清远市连州市保安镇
441882106,丰阳镇,广东省清远市连州市丰阳镇,广东省清远市连州市丰阳镇
441882107,东陂镇,广东省清远市连州市东陂镇,广东省清远市连州市东陂镇
441882109,九陂镇,广东省清远市连州市九陂镇,广东省清远市连州市九陂镇
441882118,西江镇,广东省清远市连州市西江镇,广东省清远市连州市西江镇
441882200,瑶安瑶族乡,广东省清远市连州市瑶安瑶族乡,广东省清远市连州市瑶安瑶族乡
441882201,三水瑶族乡,广东省清远市连州市三水瑶族乡,广东省清远市连州市三水瑶族乡
441882999,不详乡镇,广东省清远市连州市不详乡镇,广东省清远市连州市不详乡镇
441899000,不详县,广东省清远市不详县,广东省清远市不详县
441899999,不详乡镇,广东省清远市不详县不详乡镇,广东省清远市不详县不详乡镇
441900000,东莞市,广东省东莞市,广东省东莞市
441901000,东莞本地,广东省东莞市东莞本地,广东省东莞市东莞本地
441901001,常　平,广东省东莞市东莞本地常　平,广东省东莞市东莞本地常　平
441901002,横　沥,广东省东莞市东莞本地横　沥,广东省东莞市东莞本地横　沥
441901003,东　坑,广东省东莞市东莞本地东　坑,广东省东莞市东莞本地东　坑
441901004,桥　头,广东省东莞市东莞本地桥　头,广东省东莞市东莞本地桥　头
441901006,厚　街,广东省东莞市东莞本地厚　街,广东省东莞市东莞本地厚　街
441901007,沙　田,广东省东莞市东莞本地沙　田,广东省东莞市东莞本地沙　田
441901008,长　安,广东省东莞市东莞本地长　安,广东省东莞市东莞本地长　安
441901009,南　城,广东省东莞市东莞本地南　城,广东省东莞市东莞本地南　城
441901010,万　江,广东省东莞市东莞本地万　江,广东省东莞市东莞本地万　江
441901011,中　堂,广东省东莞市东莞本地中　堂,广东省东莞市东莞本地中　堂
441901012,道　窖,广东省东莞市东莞本地道　窖,广东省东莞市东莞本地道　窖
441901013,望牛墩,广东省东莞市东莞本地望牛墩,广东省东莞市东莞本地望牛墩
441901014,麻　涌,广东省东莞市东莞本地麻　涌,广东省东莞市东莞本地麻　涌
441901015,寮　步,广东省东莞市东莞本地寮　步,广东省东莞市东莞本地寮　步
441901016,大　朗,广东省东莞市东莞本地大　朗,广东省东莞市东莞本地大　朗
441901017,黄　江,广东省东莞市东莞本地黄　江,广东省东莞市东莞本地黄　江
441901018,大岭山,广东省东莞市东莞本地大岭山,广东省东莞市东莞本地大岭山
441901019,东　城,广东省东莞市东莞本地东　城,广东省东莞市东莞本地东　城
441901020,茶　山,广东省东莞市东莞本地茶　山,广东省东莞市东莞本地茶　山
441901021,企　石,广东省东莞市东莞本地企　石,广东省东莞市东莞本地企　石
441901022,石　排,广东省东莞市东莞本地石　排,广东省东莞市东莞本地石　排
441901023,石　碣,广东省东莞市东莞本地石　碣,广东省东莞市东莞本地石　碣
441901024,高　步,广东省东莞市东莞本地高　步,广东省东莞市东莞本地高　步
441901025,樟木头,广东省东莞市东莞本地樟木头,广东省东莞市东莞本地樟木头
441901026,清　溪,广东省东莞市东莞本地清　溪,广东省东莞市东莞本地清　溪
441901027,塘　厦,广东省东莞市东莞本地塘　厦,广东省东莞市东莞本地塘　厦
441901028,凤　岗,广东省东莞市东莞本地凤　岗,广东省东莞市东莞本地凤　岗
441901029,谢　岗,广东省东莞市东莞本地谢　岗,广东省东莞市东莞本地谢　岗
441901030,莞　城,广东省东莞市东莞本地莞　城,广东省东莞市东莞本地莞　城
441901031,虎　门,广东省东莞市东莞本地虎　门,广东省东莞市东莞本地虎　门
441901032,石　龙,广东省东莞市东莞本地石　龙,广东省东莞市东莞本地石　龙
441901033,洪　梅,广东省东莞市东莞本地洪　梅,广东省东莞市东莞本地洪　梅
441901034,松山湖,广东省东莞市东莞本地松山湖,广东省东莞市东莞本地松山湖
441901999,不详乡镇,广东省东莞市东莞本地不详乡镇,广东省东莞市东莞本地不详乡镇
441999000,不详县,广东省东莞市不详县,广东省东莞市不详县
441999999,不详乡镇,广东省东莞市不详县不详乡镇,广东省东莞市不详县不详乡镇
442000000,中山市,广东省中山市,广东省中山市
442001000,中山市市区,广东省中山市中山市市区,广东省中山市中山市市区
442001001,石岐区,广东省中山市中山市市区石岐区,广东省中山市中山市市区石岐区
442001002,东区,广东省中山市中山市市区东区,广东省中山市中山市市区东区
442001003,西区,广东省中山市中山市市区西区,广东省中山市中山市市区西区
442001004,南区,广东省中山市中山市市区南区,广东省中山市中山市市区南区
442001005,火炬区,广东省中山市中山市市区火炬区,广东省中山市中山市市区火炬区
442001024,五桂山,广东省中山市中山市市区五桂山,广东省中山市中山市市区五桂山
442001106,黄圃镇,广东省中山市中山市市区黄圃镇,广东省中山市中山市市区黄圃镇
442001107,阜沙镇,广东省中山市中山市市区阜沙镇,广东省中山市中山市市区阜沙镇
442001108,南头镇,广东省中山市中山市市区南头镇,广东省中山市中山市市区南头镇
442001109,东凤镇,广东省中山市中山市市区东凤镇,广东省中山市中山市市区东凤镇
442001110,小榄镇,广东省中山市中山市市区小榄镇,广东省中山市中山市市区小榄镇
442001111,古镇镇,广东省中山市中山市市区古镇镇,广东省中山市中山市市区古镇镇
442001112,东升镇,广东省中山市中山市市区东升镇,广东省中山市中山市市区东升镇
442001113,沙溪镇,广东省中山市中山市市区沙溪镇,广东省中山市中山市市区沙溪镇
442001114,大涌镇,广东省中山市中山市市区大涌镇,广东省中山市中山市市区大涌镇
442001115,横栏镇,广东省中山市中山市市区横栏镇,广东省中山市中山市市区横栏镇
442001116,港口镇,广东省中山市中山市市区港口镇,广东省中山市中山市市区港口镇
442001117,板芙镇,广东省中山市中山市市区板芙镇,广东省中山市中山市市区板芙镇
442001118,神湾镇,广东省中山市中山市市区神湾镇,广东省中山市中山市市区神湾镇
442001119,三乡镇,广东省中山市中山市市区三乡镇,广东省中山市中山市市区三乡镇
442001120,坦洲镇,广东省中山市中山市市区坦洲镇,广东省中山市中山市市区坦洲镇
442001121,南朗镇,广东省中山市中山市市区南朗镇,广东省中山市中山市市区南朗镇
442001122,民众镇,广东省中山市中山市市区民众镇,广东省中山市中山市市区民众镇
442001123,三角镇,广东省中山市中山市市区三角镇,广东省中山市中山市市区三角镇
442001999,不详乡镇,广东省中山市中山市市区不详乡镇,广东省中山市中山市市区不详乡镇
442099000,不详县,广东省中山市不详县,广东省中山市不详县
442099999,不详乡镇,广东省中山市不详县不详乡镇,广东省中山市不详县不详乡镇
445100000,潮州市,广东省潮州市,广东省潮州市
445102000,湘桥区,广东省潮州市湘桥区,广东省潮州市湘桥区
445102001,湘桥街道,广东省潮州市湘桥区湘桥街道,广东省潮州市湘桥区湘桥街道
445102002,西湖街道,广东省潮州市湘桥区西湖街道,广东省潮州市湘桥区西湖街道
445102003,金山街道,广东省潮州市湘桥区金山街道,广东省潮州市湘桥区金山街道
445102004,太平街道,广东省潮州市湘桥区太平街道,广东省潮州市湘桥区太平街道
445102005,南春街道,广东省潮州市湘桥区南春街道,广东省潮州市湘桥区南春街道
445102006,西新街道,广东省潮州市湘桥区西新街道,广东省潮州市湘桥区西新街道
445102007,桥东街道,广东省潮州市湘桥区桥东街道,广东省潮州市湘桥区桥东街道
445102008,城西街道,广东省潮州市湘桥区城西街道,广东省潮州市湘桥区城西街道
445102009,凤新街道,广东省潮州市湘桥区凤新街道,广东省潮州市湘桥区凤新街道
445102100,意溪镇,广东省潮州市湘桥区意溪镇,广东省潮州市湘桥区意溪镇
445102101,磷溪镇,广东省潮州市湘桥区磷溪镇,广东省潮州市湘桥区磷溪镇
445102102,官塘镇,广东省潮州市湘桥区官塘镇,广东省潮州市湘桥区官塘镇
445102103,铁铺镇,广东省潮州市湘桥区铁铺镇,广东省潮州市湘桥区铁铺镇
445102999,不详乡镇,广东省潮州市湘桥区不详乡镇,广东省潮州市湘桥区不详乡镇
445103000,潮安区,广东省潮州市潮安区,广东省潮州市潮安区
445103100,古巷镇,广东省潮州市潮安区古巷镇,广东省潮州市潮安区古巷镇
445103101,登塘镇,广东省潮州市潮安区登塘镇,广东省潮州市潮安区登塘镇
445103102,凤塘镇,广东省潮州市潮安区凤塘镇,广东省潮州市潮安区凤塘镇
445103103,浮洋镇,广东省潮州市潮安区浮洋镇,广东省潮州市潮安区浮洋镇
445103104,龙湖镇,广东省潮州市潮安区龙湖镇,广东省潮州市潮安区龙湖镇
445103105,金石镇,广东省潮州市潮安区金石镇,广东省潮州市潮安区金石镇
445103106,沙溪镇,广东省潮州市潮安区沙溪镇,广东省潮州市潮安区沙溪镇
445103107,彩塘镇,广东省潮州市潮安区彩塘镇,广东省潮州市潮安区彩塘镇
445103108,东凤镇,广东省潮州市潮安区东凤镇,广东省潮州市潮安区东凤镇
445103109,庵埠镇,广东省潮州市潮安区庵埠镇,广东省潮州市潮安区庵埠镇
445103110,江东镇,广东省潮州市潮安区江东镇,广东省潮州市潮安区江东镇
445103111,归湖镇,广东省潮州市潮安区归湖镇,广东省潮州市潮安区归湖镇
445103112,文祠镇,广东省潮州市潮安区文祠镇,广东省潮州市潮安区文祠镇
445103113,凤凰镇,广东省潮州市潮安区凤凰镇,广东省潮州市潮安区凤凰镇
445103114,赤凤镇,广东省潮州市潮安区赤凤镇,广东省潮州市潮安区赤凤镇
445103999,不详乡镇,广东省潮州市潮安区不详乡镇,广东省潮州市潮安区不详乡镇
445109000,枫溪区,广东省潮州市枫溪区,广东省潮州市枫溪区
445109101,枫溪镇,广东省潮州市枫溪区枫溪镇,广东省潮州市枫溪区枫溪镇
445109999,不详乡镇,广东省潮州市枫溪区不详乡镇,广东省潮州市枫溪区不详乡镇
445122000,饶平县,广东省潮州市饶平县,广东省潮州市饶平县
445122100,黄冈镇,广东省潮州市饶平县黄冈镇,广东省潮州市饶平县黄冈镇
445122102,上饶镇,广东省潮州市饶平县上饶镇,广东省潮州市饶平县上饶镇
445122103,饶洋镇,广东省潮州市饶平县饶洋镇,广东省潮州市饶平县饶洋镇
445122104,新丰镇,广东省潮州市饶平县新丰镇,广东省潮州市饶平县新丰镇
445122106,建饶镇,广东省潮州市饶平县建饶镇,广东省潮州市饶平县建饶镇
445122107,三饶镇,广东省潮州市饶平县三饶镇,广东省潮州市饶平县三饶镇
445122108,新塘镇,广东省潮州市饶平县新塘镇,广东省潮州市饶平县新塘镇
445122109,汤溪镇,广东省潮州市饶平县汤溪镇,广东省潮州市饶平县汤溪镇
445122110,浮滨镇,广东省潮州市饶平县浮滨镇,广东省潮州市饶平县浮滨镇
445122112,浮山镇,广东省潮州市饶平县浮山镇,广东省潮州市饶平县浮山镇
445122113,东山镇,广东省潮州市饶平县东山镇,广东省潮州市饶平县东山镇
445122114,新圩镇,广东省潮州市饶平县新圩镇,广东省潮州市饶平县新圩镇
445122116,樟溪镇,广东省潮州市饶平县樟溪镇,广东省潮州市饶平县樟溪镇
445122117,钱东镇,广东省潮州市饶平县钱东镇,广东省潮州市饶平县钱东镇
445122118,高堂镇,广东省潮州市饶平县高堂镇,广东省潮州市饶平县高堂镇
445122119,联饶镇,广东省潮州市饶平县联饶镇,广东省潮州市饶平县联饶镇
445122120,所城镇,广东省潮州市饶平县所城镇,广东省潮州市饶平县所城镇
445122121,大埕镇,广东省潮州市饶平县大埕镇,广东省潮州市饶平县大埕镇
445122122,柘林镇,广东省潮州市饶平县柘林镇,广东省潮州市饶平县柘林镇
445122123,汫洲镇,广东省潮州市饶平县汫洲镇,广东省潮州市饶平县汫洲镇
445122124,海山镇,广东省潮州市饶平县海山镇,广东省潮州市饶平县海山镇
445122999,不详乡镇,广东省潮州市饶平县不详乡镇,广东省潮州市饶平县不详乡镇
445199000,不详县,广东省潮州市不详县,广东省潮州市不详县
445199999,不详乡镇,广东省潮州市不详县不详乡镇,广东省潮州市不详县不详乡镇
445200000,揭阳市,广东省揭阳市,广东省揭阳市
445202000,榕城区,广东省揭阳市榕城区,广东省揭阳市榕城区
445202001,榕华街道,广东省揭阳市榕城区榕华街道,广东省揭阳市榕城区榕华街道
445202002,新兴街道,广东省揭阳市榕城区新兴街道,广东省揭阳市榕城区新兴街道
445202003,中山街道,广东省揭阳市榕城区中山街道,广东省揭阳市榕城区中山街道
445202004,西马街道,广东省揭阳市榕城区西马街道,广东省揭阳市榕城区西马街道
445202006,榕东街道,广东省揭阳市榕城区榕东街道,广东省揭阳市榕城区榕东街道
445202011,仙桥街道,广东省揭阳市榕城区仙桥街道,广东省揭阳市榕城区仙桥街道
445202012,梅云街道,广东省揭阳市榕城区梅云街道,广东省揭阳市榕城区梅云街道
445202095,东山街道,广东省揭阳市榕城区东山街道,广东省揭阳市榕城区东山街道
445202101,渔湖镇,广东省揭阳市榕城区渔湖镇,广东省揭阳市榕城区渔湖镇
445202102,地都镇,广东省揭阳市榕城区地都镇,广东省揭阳市榕城区地都镇
445202103,炮台镇,广东省揭阳市榕城区炮台镇,广东省揭阳市榕城区炮台镇
445202104,登岗镇,广东省揭阳市榕城区登岗镇,广东省揭阳市榕城区登岗镇
445202999,不详乡镇,广东省揭阳市榕城区不详乡镇,广东省揭阳市榕城区不详乡镇
445203000,揭东区,广东省揭阳市揭东区,广东省揭阳市揭东区
445203001,曲溪街道,广东省揭阳市揭东区曲溪街道,广东省揭阳市揭东区曲溪街道
445203002,磐东街道,广东省揭阳市揭东区磐东街道,广东省揭阳市揭东区磐东街道
445203100,云路镇,广东省揭阳市揭东区云路镇,广东省揭阳市揭东区云路镇
445203102,霖磐镇,广东省揭阳市揭东区霖磐镇,广东省揭阳市揭东区霖磐镇
445203103,月城镇,广东省揭阳市揭东区月城镇,广东省揭阳市揭东区月城镇
445203104,白塔镇,广东省揭阳市揭东区白塔镇,广东省揭阳市揭东区白塔镇
445203105,龙尾镇,广东省揭阳市揭东区龙尾镇,广东省揭阳市揭东区龙尾镇
445203106,桂岭镇,广东省揭阳市揭东区桂岭镇,广东省揭阳市揭东区桂岭镇
445203107,锡场镇,广东省揭阳市揭东区锡场镇,广东省揭阳市揭东区锡场镇
445203108,新亨镇,广东省揭阳市揭东区新亨镇,广东省揭阳市揭东区新亨镇
445203109,玉湖镇,广东省揭阳市揭东区玉湖镇,广东省揭阳市揭东区玉湖镇
445203110,埔田镇,广东省揭阳市揭东区埔田镇,广东省揭阳市揭东区埔田镇
445203195,玉窖镇,广东省揭阳市揭东区玉窖镇,广东省揭阳市揭东区玉窖镇
445203999,不详乡镇,广东省揭阳市揭东区不详乡镇,广东省揭阳市揭东区不详乡镇
445222000,揭西县,广东省揭阳市揭西县,广东省揭阳市揭西县
445222001,河婆街道,广东省揭阳市揭西县河婆街道,广东省揭阳市揭西县河婆街道
445222102,龙潭镇,广东省揭阳市揭西县龙潭镇,广东省揭阳市揭西县龙潭镇
445222103,南山镇,广东省揭阳市揭西县南山镇,广东省揭阳市揭西县南山镇
445222104,五经富镇,广东省揭阳市揭西县五经富镇,广东省揭阳市揭西县五经富镇
445222105,京溪园镇,广东省揭阳市揭西县京溪园镇,广东省揭阳市揭西县京溪园镇
445222106,灰寨镇,广东省揭阳市揭西县灰寨镇,广东省揭阳市揭西县灰寨镇
445222107,塔头镇,广东省揭阳市揭西县塔头镇,广东省揭阳市揭西县塔头镇
445222108,东园镇,广东省揭阳市揭西县东园镇,广东省揭阳市揭西县东园镇
445222109,凤江镇,广东省揭阳市揭西县凤江镇,广东省揭阳市揭西县凤江镇
445222110,棉湖镇,广东省揭阳市揭西县棉湖镇,广东省揭阳市揭西县棉湖镇
445222111,金和镇,广东省揭阳市揭西县金和镇,广东省揭阳市揭西县金和镇
445222112,大溪镇,广东省揭阳市揭西县大溪镇,广东省揭阳市揭西县大溪镇
445222113,钱坑镇,广东省揭阳市揭西县钱坑镇,广东省揭阳市揭西县钱坑镇
445222114,坪上镇,广东省揭阳市揭西县坪上镇,广东省揭阳市揭西县坪上镇
445222115,五云镇,广东省揭阳市揭西县五云镇,广东省揭阳市揭西县五云镇
445222116,上砂镇,广东省揭阳市揭西县上砂镇,广东省揭阳市揭西县上砂镇
445222196,大同镇,广东省揭阳市揭西县大同镇,广东省揭阳市揭西县大同镇
445222201,良田乡,广东省揭阳市揭西县良田乡,广东省揭阳市揭西县良田乡
445222999,不详乡镇,广东省揭阳市揭西县不详乡镇,广东省揭阳市揭西县不详乡镇
445224000,惠来县,广东省揭阳市惠来县,广东省揭阳市惠来县
445224100,惠城镇,广东省揭阳市惠来县惠城镇,广东省揭阳市惠来县惠城镇
445224101,靖海镇,广东省揭阳市惠来县靖海镇,广东省揭阳市惠来县靖海镇
445224102,神泉镇,广东省揭阳市惠来县神泉镇,广东省揭阳市惠来县神泉镇
445224103,仙庵镇,广东省揭阳市惠来县仙庵镇,广东省揭阳市惠来县仙庵镇
445224104,周田镇,广东省揭阳市惠来县周田镇,广东省揭阳市惠来县周田镇
445224105,华湖镇,广东省揭阳市惠来县华湖镇,广东省揭阳市惠来县华湖镇
445224106,前詹镇,广东省揭阳市惠来县前詹镇,广东省揭阳市惠来县前詹镇
445224107,葵潭镇,广东省揭阳市惠来县葵潭镇,广东省揭阳市惠来县葵潭镇
445224108,隆江镇,广东省揭阳市惠来县隆江镇,广东省揭阳市惠来县隆江镇
445224109,溪西镇,广东省揭阳市惠来县溪西镇,广东省揭阳市惠来县溪西镇
445224110,鳌江镇,广东省揭阳市惠来县鳌江镇,广东省揭阳市惠来县鳌江镇
445224111,东港镇,广东省揭阳市惠来县东港镇,广东省揭阳市惠来县东港镇
445224112,东陇镇,广东省揭阳市惠来县东陇镇,广东省揭阳市惠来县东陇镇
445224113,岐石镇,广东省揭阳市惠来县岐石镇,广东省揭阳市惠来县岐石镇
445224401,东埔场,广东省揭阳市惠来县东埔场,广东省揭阳市惠来县东埔场
445224403,葵潭农场,广东省揭阳市惠来县葵潭农场,广东省揭阳市惠来县葵潭农场
445224405,大南山侨区,广东省揭阳市惠来县大南山侨区,广东省揭阳市惠来县大南山侨区
445224999,不详乡镇,广东省揭阳市惠来县不详乡镇,广东省揭阳市惠来县不详乡镇
445281000,普宁市,广东省揭阳市普宁市,广东省揭阳市普宁市
445281001,池尾街道,广东省揭阳市普宁市池尾街道,广东省揭阳市普宁市池尾街道
445281002,流沙北街道,广东省揭阳市普宁市流沙北街道,广东省揭阳市普宁市流沙北街道
445281003,流沙西街道,广东省揭阳市普宁市流沙西街道,广东省揭阳市普宁市流沙西街道
445281004,流沙东街道,广东省揭阳市普宁市流沙东街道,广东省揭阳市普宁市流沙东街道
445281005,流沙南街道,广东省揭阳市普宁市流沙南街道,广东省揭阳市普宁市流沙南街道
445281006,燎原街道,广东省揭阳市普宁市燎原街道,广东省揭阳市普宁市燎原街道
445281007,大南山街道,广东省揭阳市普宁市大南山街道,广东省揭阳市普宁市大南山街道
445281102,赤岗镇,广东省揭阳市普宁市赤岗镇,广东省揭阳市普宁市赤岗镇
445281103,大坝镇,广东省揭阳市普宁市大坝镇,广东省揭阳市普宁市大坝镇
445281104,洪阳镇,广东省揭阳市普宁市洪阳镇,广东省揭阳市普宁市洪阳镇
445281105,南溪镇,广东省揭阳市普宁市南溪镇,广东省揭阳市普宁市南溪镇
445281106,广太镇,广东省揭阳市普宁市广太镇,广东省揭阳市普宁市广太镇
445281107,麒麟镇,广东省揭阳市普宁市麒麟镇,广东省揭阳市普宁市麒麟镇
445281108,南径镇,广东省揭阳市普宁市南径镇,广东省揭阳市普宁市南径镇
445281109,占陇镇,广东省揭阳市普宁市占陇镇,广东省揭阳市普宁市占陇镇
445281110,军埠镇,广东省揭阳市普宁市军埠镇,广东省揭阳市普宁市军埠镇
445281111,下架山镇,广东省揭阳市普宁市下架山镇,广东省揭阳市普宁市下架山镇
445281113,高埔镇,广东省揭阳市普宁市高埔镇,广东省揭阳市普宁市高埔镇
445281114,云落镇,广东省揭阳市普宁市云落镇,广东省揭阳市普宁市云落镇
445281115,大坪镇,广东省揭阳市普宁市大坪镇,广东省揭阳市普宁市大坪镇
445281116,船埔镇,广东省揭阳市普宁市船埔镇,广东省揭阳市普宁市船埔镇
445281117,梅林镇,广东省揭阳市普宁市梅林镇,广东省揭阳市普宁市梅林镇
445281119,里湖镇,广东省揭阳市普宁市里湖镇,广东省揭阳市普宁市里湖镇
445281121,梅塘镇,广东省揭阳市普宁市梅塘镇,广东省揭阳市普宁市梅塘镇
445281201,后溪乡,广东省揭阳市普宁市后溪乡,广东省揭阳市普宁市后溪乡
445281401,大池农场,广东省揭阳市普宁市大池农场,广东省揭阳市普宁市大池农场
445281402,马鞍山农场,广东省揭阳市普宁市马鞍山农场,广东省揭阳市普宁市马鞍山农场
445281403,大坪农场,广东省揭阳市普宁市大坪农场,广东省揭阳市普宁市大坪农场
445281404,普侨区,广东省揭阳市普宁市普侨区,广东省揭阳市普宁市普侨区
445281999,不详乡镇,广东省揭阳市普宁市不详乡镇,广东省揭阳市普宁市不详乡镇
445299000,不详县,广东省揭阳市不详县,广东省揭阳市不详县
445299999,不详乡镇,广东省揭阳市不详县不详乡镇,广东省揭阳市不详县不详乡镇
445300000,云浮市,广东省云浮市,广东省云浮市
445302000,云城区,广东省云浮市云城区,广东省云浮市云城区
445302001,云城街道,广东省云浮市云城区云城街道,广东省云浮市云城区云城街道
445302002,高峰街道,广东省云浮市云城区高峰街道,广东省云浮市云城区高峰街道
445302003,河口街道,广东省云浮市云城区河口街道,广东省云浮市云城区河口街道
445302004,安塘街道,广东省云浮市云城区安塘街道,广东省云浮市云城区安塘街道
445302102,腰古镇,广东省云浮市云城区腰古镇,广东省云浮市云城区腰古镇
445302103,思劳镇,广东省云浮市云城区思劳镇,广东省云浮市云城区思劳镇
445302105,前锋镇,广东省云浮市云城区前锋镇,广东省云浮市云城区前锋镇
445302106,南盛镇,广东省云浮市云城区南盛镇,广东省云浮市云城区南盛镇
445302999,不详乡镇,广东省云浮市云城区不详乡镇,广东省云浮市云城区不详乡镇
445303000,云安区,广东省云浮市云安区,广东省云浮市云安区
445303100,六都镇,广东省云浮市云安区六都镇,广东省云浮市云安区六都镇
445303101,高村镇,广东省云浮市云安区高村镇,广东省云浮市云安区高村镇
445303102,白石镇,广东省云浮市云安区白石镇,广东省云浮市云安区白石镇
445303103,镇安镇,广东省云浮市云安区镇安镇,广东省云浮市云安区镇安镇
445303104,富林镇,广东省云浮市云安区富林镇,广东省云浮市云安区富林镇
445303107,石城镇,广东省云浮市云安区石城镇,广东省云浮市云安区石城镇
445303108,都杨镇,广东省云浮市云安区都杨镇,广东省云浮市云安区都杨镇
445303999,不详乡镇,广东省云浮市云安区不详乡镇,广东省云浮市云安区不详乡镇
445321000,新兴县,广东省云浮市新兴县,广东省云浮市新兴县
445321100,新城镇,广东省云浮市新兴县新城镇,广东省云浮市新兴县新城镇
445321101,车岗镇,广东省云浮市新兴县车岗镇,广东省云浮市新兴县车岗镇
445321103,水台镇,广东省云浮市新兴县水台镇,广东省云浮市新兴县水台镇
445321104,稔村镇,广东省云浮市新兴县稔村镇,广东省云浮市新兴县稔村镇
445321105,东成镇,广东省云浮市新兴县东成镇,广东省云浮市新兴县东成镇
445321107,太平镇,广东省云浮市新兴县太平镇,广东省云浮市新兴县太平镇
445321108,里洞镇,广东省云浮市新兴县里洞镇,广东省云浮市新兴县里洞镇
445321110,大江镇,广东省云浮市新兴县大江镇,广东省云浮市新兴县大江镇
445321112,天堂镇,广东省云浮市新兴县天堂镇,广东省云浮市新兴县天堂镇
445321113,河头镇,广东省云浮市新兴县河头镇,广东省云浮市新兴县河头镇
445321114,勒竹镇,广东省云浮市新兴县勒竹镇,广东省云浮市新兴县勒竹镇
445321115,六祖镇,广东省云浮市新兴县六祖镇,广东省云浮市新兴县六祖镇
445321999,不详乡镇,广东省云浮市新兴县不详乡镇,广东省云浮市新兴县不详乡镇
445322000,郁南县,广东省云浮市郁南县,广东省云浮市郁南县
445322100,都城镇,广东省云浮市郁南县都城镇,广东省云浮市郁南县都城镇
445322101,平台镇,广东省云浮市郁南县平台镇,广东省云浮市郁南县平台镇
445322102,桂圩镇,广东省云浮市郁南县桂圩镇,广东省云浮市郁南县桂圩镇
445322104,通门镇,广东省云浮市郁南县通门镇,广东省云浮市郁南县通门镇
445322105,建城镇,广东省云浮市郁南县建城镇,广东省云浮市郁南县建城镇
445322106,宝珠镇,广东省云浮市郁南县宝珠镇,广东省云浮市郁南县宝珠镇
445322108,大方镇,广东省云浮市郁南县大方镇,广东省云浮市郁南县大方镇
445322110,千官镇,广东省云浮市郁南县千官镇,广东省云浮市郁南县千官镇
445322111,大湾镇,广东省云浮市郁南县大湾镇,广东省云浮市郁南县大湾镇
445322112,河口镇,广东省云浮市郁南县河口镇,广东省云浮市郁南县河口镇
445322113,宋桂镇,广东省云浮市郁南县宋桂镇,广东省云浮市郁南县宋桂镇
445322114,东坝镇,广东省云浮市郁南县东坝镇,广东省云浮市郁南县东坝镇
445322115,连滩镇,广东省云浮市郁南县连滩镇,广东省云浮市郁南县连滩镇
445322116,历洞镇,广东省云浮市郁南县历洞镇,广东省云浮市郁南县历洞镇
445322117,南江口镇,广东省云浮市郁南县南江口镇,广东省云浮市郁南县南江口镇
445322999,不详乡镇,广东省云浮市郁南县不详乡镇,广东省云浮市郁南县不详乡镇
445381000,罗定市,广东省云浮市罗定市,广东省云浮市罗定市
445381001,罗城街道,广东省云浮市罗定市罗城街道,广东省云浮市罗定市罗城街道
445381002,素龙街道,广东省云浮市罗定市素龙街道,广东省云浮市罗定市素龙街道
445381003,附城街道,广东省云浮市罗定市附城街道,广东省云浮市罗定市附城街道
445381004,双东街道,广东省云浮市罗定市双东街道,广东省云浮市罗定市双东街道
445381100,罗镜镇,广东省云浮市罗定市罗镜镇,广东省云浮市罗定市罗镜镇
445381101,太平镇,广东省云浮市罗定市太平镇,广东省云浮市罗定市太平镇
445381102,分界镇,广东省云浮市罗定市分界镇,广东省云浮市罗定市分界镇
445381104,罗平镇,广东省云浮市罗定市罗平镇,广东省云浮市罗定市罗平镇
445381105,船步镇,广东省云浮市罗定市船步镇,广东省云浮市罗定市船步镇
445381106,朗塘镇,广东省云浮市罗定市朗塘镇,广东省云浮市罗定市朗塘镇
445381107,苹塘镇,广东省云浮市罗定市苹塘镇,广东省云浮市罗定市苹塘镇
445381108,金鸡镇,广东省云浮市罗定市金鸡镇,广东省云浮市罗定市金鸡镇
445381109,围底镇,广东省云浮市罗定市围底镇,广东省云浮市罗定市围底镇
445381110,华石镇,广东省云浮市罗定市华石镇,广东省云浮市罗定市华石镇
445381111,榃滨镇,广东省云浮市罗定市榃滨镇,广东省云浮市罗定市榃滨镇
445381113,黎少镇,广东省云浮市罗定市黎少镇,广东省云浮市罗定市黎少镇
445381114,生江镇,广东省云浮市罗定市生江镇,广东省云浮市罗定市生江镇
445381115,连州镇,广东省云浮市罗定市连州镇,广东省云浮市罗定市连州镇
445381116,泗纶镇,广东省云浮市罗定市泗纶镇,广东省云浮市罗定市泗纶镇
445381118,加益镇,广东省云浮市罗定市加益镇,广东省云浮市罗定市加益镇
445381119,龙湾镇,广东省云浮市罗定市龙湾镇,广东省云浮市罗定市龙湾镇
445381999,不详乡镇,广东省云浮市罗定市不详乡镇,广东省云浮市罗定市不详乡镇
445399000,不详县,广东省云浮市不详县,广东省云浮市不详县
445399999,不详乡镇,广东省云浮市不详县不详乡镇,广东省云浮市不详县不详乡镇
449900000,不详市,广东省不详市,广东省不详市
449999000,不详县,广东省不详市不详县,广东省不详市不详县
449999999,不详乡镇,广东省不详市不详县不详乡镇,广东省不详市不详县不详乡镇
